10276,0.0,0.0,0.0,0.0,0.0,0.0,0.0,0.0,0.0,0.0,0.0,0.0,0.0,0.0,0.0,0.0,0.0,0.0,0.0,0.0,0.0,0.0,0.0,0.0,0.0,0.0,0.0,0.0,0.0,0.0,0.0,0.0,0.0,0.0,0.0,0.0,0.0,0.0,0.0,0.0,0.0,0.0,0.0,0.0,0.0,0.0,0.0,0.0,0.0,0.0,0.0,0.0,0.0,0.0,0.0,0.0,0.0,0.0,0.0,0.0,0.0,0.0,0.0,0.0,0.0,0.0,0.0,0.0,0.0,0.0,0.0,0.0,0.0,0.0,0.0,0.0,0.0,0.0,0.0,0.0016050219353,0.0,0.0,0.0,0.000713343082355,0.000891678852944,0.0,0.0,0.0,0.0,0.0,0.0,0.000178335770589,0.000178335770589,0.0,0.0,0.000535007311767,0.0,0.0,0.0,0.0,0.0,0.0,0.0,0.00577807896708,0.0,0.0,0.0,0.00256803509648,0.0032100438706,0.0,0.0,0.0,0.0,0.0,0.0,0.00064200877412,0.00064200877412,0.0,0.0,0.00192602632236,0.0,0.0,0.0,0.0,0.0,0.0,0.0,0.0,0.0,0.0,0.0,0.0,0.0,0.0,0.0,0.0,0.0,0.0,0.0,0.0,0.0,0.0,0.0,0.0,0.0,0.0,0.0,0.0,0.0,0.0,0.0,0.0,0.0,0.0,0.0,0.0,0.0,0.0,0.0,0.0,0.0,0.0,0.0,0.0,0.0,0.0,0.0,0.0
1160,0.0,7.98642308076e-05,0.0,0.0,0.0,0.0,0.0,0.0,0.0,0.0,7.98642308076e-05,0.000479185384846,0.000559049615653,0.000159728461615,0.0,0.0,0.0,0.0,0.00239592692423,0.000958370769692,0.000239592692423,0.0,0.0,7.98642308076e-05,0.0,4.56367033186e-05,0.0,0.0,0.0,0.0,0.0,0.0,0.0,0.0,4.56367033186e-05,0.000273820219912,0.000319456923231,9.12734066373e-05,0.0,0.0,0.0,0.0,0.00136910109956,0.000547640439824,0.000136910109956,0.0,0.0,4.56367033186e-05,0.0,0.000467776209016,0.0,0.0,0.0,0.0,0.0,0.0,0.0,0.0,0.000467776209016,0.0028066572541,0.00327443346311,0.000935552418032,0.0,0.0,0.0,0.0,0.0140332862705,0.00561331450819,0.00140332862705,0.0,0.0,0.000467776209016,0.0,2.28183516593e-05,0.0,0.0,0.0,0.0,0.0,0.0,0.0,0.0,2.28183516593e-05,0.000136910109956,0.000159728461615,4.56367033186e-05,0.0,0.0,0.0,0.0,0.00068455054978,0.000273820219912,6.8455054978e-05,0.0,0.0,2.28183516593e-05,0.0,7.98642308076e-05,0.0,0.0,0.0,0.0,0.0,0.0,0.0,0.0,7.98642308076e-05,0.000479185384846,0.000559049615653,0.000159728461615,0.0,0.0,0.0,0.0,0.00239592692423,0.000958370769692,0.000239592692423,0.0,0.0,7.98642308076e-05,0.0,1.14091758297e-05,0.0,0.0,0.0,0.0,0.0,0.0,0.0,0.0,1.14091758297e-05,6.8455054978e-05,7.98642308076e-05,2.28183516593e-05,0.0,0.0,0.0,0.0,0.00034227527489,0.000136910109956,3.4227527489e-05,0.0,0.0,1.14091758297e-05,0.0,1.14091758297e-05,0.0,0.0,0.0,0.0,0.0,0.0,0.0,0.0,1.14091758297e-05,6.8455054978e-05,7.98642308076e-05,2.28183516593e-05,0.0,0.0,0.0,0.0,0.00034227527489,0.000136910109956,3.4227527489e-05,0.0,0.0,1.14091758297e-05
4306,0.0,0.0,0.0,0.0,0.0,0.0,0.0,0.0,0.0,0.0,0.0,0.0,0.0,0.0,0.0,0.0,0.0,0.0,0.0,0.0,0.0,0.0,0.0,0.0,0.0,0.0,0.0,0.0,0.0,0.0,0.0,0.0,0.000754716981132,0.000943396226415,0.000943396226415,0.0,0.0,0.0,0.0,0.0,0.0,0.0,0.0,0.0,0.0,0.0,0.000943396226415,0.000188679245283,0.0,0.0,0.0,0.0,0.0,0.0,0.0,0.0,0.00207547169811,0.00259433962264,0.00259433962264,0.0,0.0,0.0,0.0,0.0,0.0,0.0,0.0,0.0,0.0,0.0,0.00259433962264,0.000518867924528,0.0,0.0,0.0,0.0,0.0,0.0,0.0,0.0,0.0,0.0,0.0,0.0,0.0,0.0,0.0,0.0,0.0,0.0,0.0,0.0,0.0,0.0,0.0,0.0,0.0,0.0,0.0,0.0,0.0,0.0,0.0,0.0,0.0,0.0,0.0,0.0,0.0,0.0,0.0,0.0,0.0,0.0,0.0,0.0,0.0,0.0,0.0,0.0,0.0,0.0,0.0,0.0,0.0,0.0,0.0,0.0,0.000943396226415,0.00117924528302,0.00117924528302,0.0,0.0,0.0,0.0,0.0,0.0,0.0,0.0,0.0,0.0,0.0,0.00117924528302,0.000235849056604,0.0,0.0,0.0,0.0,0.0,0.0,0.0,0.0,0.0,0.0,0.0,0.0,0.0,0.0,0.0,0.0,0.0,0.0,0.0,0.0,0.0,0.0,0.0,0.0
11093,0.0,0.0,0.0,0.00052265718915,0.00062718862698,0.00062718862698,0.00041812575132,0.00020906287566,0.00041812575132,0.00020906287566,0.00062718862698,0.00229969163226,0.0,0.0,0.0,0.0,0.0,0.0,0.0,0.0,0.0,0.0,0.0,0.0,0.0,0.0,0.0,0.00121953344135,0.00146344012962,0.00146344012962,0.000975626753079,0.00048781337654,0.000975626753079,0.00048781337654,0.00146344012962,0.00536594714194,0.0,0.0,0.0,0.0,0.0,0.0,0.0,0.0,0.0,0.0,0.0,0.0,0.0,0.0,0.0,0.0,0.0,0.0,0.0,0.0,0.0,0.0,0.0,0.0,0.0,0.0,0.0,0.0,0.0,0.0,0.0,0.0,0.0,0.0,0.0,0.0,0.0,0.0,0.0,0.0003484381261,0.00041812575132,0.00041812575132,0.00027875050088,0.00013937525044,0.00027875050088,0.00013937525044,0.00041812575132,0.00153312775484,0.0,0.0,0.0,0.0,0.0,0.0,0.0,0.0,0.0,0.0,0.0,0.0,0.0,0.0,0.0,0.00121953344135,0.00146344012962,0.00146344012962,0.000975626753079,0.00048781337654,0.000975626753079,0.00048781337654,0.00146344012962,0.00536594714194,0.0,0.0,0.0,0.0,0.0,0.0,0.0,0.0,0.0,0.0,0.0,0.0,0.0,0.0,0.0,0.0,0.0,0.0,0.0,0.0,0.0,0.0,0.0,0.0,0.0,0.0,0.0,0.0,0.0,0.0,0.0,0.0,0.0,0.0,0.0,0.0,0.0,0.0,0.0,0.0,0.0,0.0,0.0,0.0,0.0,0.0,0.0,0.0,0.0,0.0,0.0,0.0,0.0,0.0,0.0,0.0,0.0,0.0,0.0,0.0
11898,0.00035583652922,0.00142334611688,0.0,0.0,0.0,0.0,0.0,0.0,0.0,0.0017791826461,0.0132549107135,0.0226845787378,0.0426114243741,0.0394088956112,0.0141445020365,0.00898487236281,0.0312246554391,0.0248195979131,0.0140555429042,0.0173470307995,0.00462587487987,0.00791736277515,0.0108530141412,0.00302461049837,0.000197686960678,0.000790747842712,0.0,0.0,0.0,0.0,0.0,0.0,0.0,0.00098843480339,0.00736383928525,0.0126025437432,0.0236730135412,0.0218938308951,0.00785805668695,0.00499159575712,0.0173470307995,0.0137886655073,0.00780863494678,0.00963723933305,0.00256993048881,0.00439853487509,0.00602945230068,0.00168033916576,0.000135127795906,0.000540511183626,0.0,0.0,0.0,0.0,0.0,0.0,0.0,0.000675638979532,0.00503351039752,0.00861439698904,0.0161815535598,0.0149654033966,0.00537132988728,0.00341197684664,0.0118574640908,0.00942516376448,0.00533754793831,0.00658748005044,0.00175666134678,0.00300659345892,0.00412139777515,0.0011485862652,0.000351832742675,0.0014073309707,0.0,0.0,0.0,0.0,0.0,0.0,0.0,0.00175916371338,0.0131057696646,0.0224293373455,0.0421319709353,0.0389654762513,0.0139853515213,0.00888377675254,0.0308733231697,0.0245403338016,0.0138973933357,0.0171518462054,0.00457382565478,0.00782827852452,0.0107308986516,0.00299057831274,0.000174665188042,0.000698660752168,0.0,0.0,0.0,0.0,0.0,0.0,0.0,0.00087332594021,0.00650627825457,0.0111349057377,0.020916156268,0.0193441695757,0.00694294122467,0.00441029599806,0.0153268702507,0.0121828968659,0.00689927492766,0.00851492791705,0.00227064744455,0.00388630043394,0.00532728823528,0.00148465409836,8.60814107256e-05,0.000344325642902,0.0,0.0,0.0,0.0,0.0,0.0,0.0,0.000430407053628,0.00320653254953,0.00548768993376,0.0103082489344,0.00953351623786,0.00342173607634,0.00217355562082,0.00755364379117,0.00600417839811,0.00340021572366,0.00419646877287,0.00111905833943,0.00191531138864,0.00262548302713,0.000731691991168,0.000153144835361,0.000612579341443,0.0,0.0,0.0,0.0,0.0,0.0,0.0,0.000765724176803,0.00570464511719,0.00976298325424,0.0183390940344,0.0169607905162,0.00608750720559,0.00386690709286,0.0134384593029,0.0106818522664,0.00604922099675,0.00746581072383,0.00199088285969,0.00340747258678,0.0046709174785,0.00130173110057
1328,0.0,0.0,0.0,0.0,0.0,0.0,0.0,0.0,0.0,0.0,0.0,0.0,0.0,0.0,0.0,0.0,0.0,0.0,0.0,0.0,0.0,0.0,0.0,0.0,0.0,0.0,0.0,0.0,0.0,0.0,0.0,0.0,0.00126347708895,0.000101078167116,0.0,0.000101078167116,0.000151617250674,0.00101078167116,0.0,0.0,0.000202156334232,0.0,0.0,0.0,0.0,0.0,0.0,0.0,0.0,0.0,0.0,0.0,0.0,0.0,0.0,0.0,0.00288794763188,0.000231035810551,0.0,0.000231035810551,0.000346553715826,0.00231035810551,0.0,0.0,0.000462071621101,0.0,0.0,0.0,0.0,0.0,0.0,0.0,0.0,0.0,0.0,0.0,0.0,0.0,0.0,0.0,0.000721986907971,5.77589526377e-05,0.0,5.77589526377e-05,8.66384289565e-05,0.000577589526377,0.0,0.0,0.000115517905275,0.0,0.0,0.0,0.0,0.0,0.0,0.0,0.0,0.0,0.0,0.0,0.0,0.0,0.0,0.0,0.00523440508279,0.000418752406623,0.0,0.000418752406623,0.000628128609935,0.00418752406623,0.0,0.0,0.000837504813246,0.0,0.0,0.0,0.0,0.0,0.0,0.0,0.0,0.0,0.0,0.0,0.0,0.0,0.0,0.0,0.0,0.0,0.0,0.0,0.0,0.0,0.0,0.0,0.0,0.0,0.0,0.0,0.0,0.0,0.0,0.0,0.0,0.0,0.0,0.0,0.0,0.0,0.0,0.0,0.0,0.0,0.0,0.0,0.0,0.0,0.0,0.0,0.0,0.0,0.0,0.0,0.0,0.0,0.0,0.0
1888,0.0,0.0,0.0,0.0,0.0,0.0,0.0,0.0,0.0,0.0,0.0,0.0,0.0,0.0,0.0,0.0,0.0,0.0,0.0,0.0,0.0,0.0,0.0,0.0,0.0,0.0,0.0,0.0,0.0,0.0,0.0,0.0,0.0,0.00328581487188,0.0122044552384,0.00234701062277,0.000469402124555,0.00093880424911,0.000469402124555,0.0,0.000469402124555,0.0,0.0,0.0,0.0,0.0,0.0,0.0,0.0,0.0,0.0,0.0,0.0,0.0,0.0,0.0,0.0,0.00242864577487,0.00902068430666,0.00173474698205,0.00034694939641,0.00069389879282,0.00034694939641,0.0,0.00034694939641,0.0,0.0,0.0,0.0,0.0,0.0,0.0,0.0,0.0,0.0,0.0,0.0,0.0,0.0,0.0,0.0,0.000142861516169,0.000530628488627,0.000102043940121,2.04087880241e-05,4.08175760482e-05,2.04087880241e-05,0.0,2.04087880241e-05,0.0,0.0,0.0,0.0,0.0,0.0,0.0,0.0,0.0,0.0,0.0,0.0,0.0,0.0,0.0,0.0,0.000285723032338,0.00106125697725,0.000204087880241,4.08175760482e-05,8.16351520965e-05,4.08175760482e-05,0.0,4.08175760482e-05,0.0,0.0,0.0,0.0,0.0,0.0,0.0,0.0,0.0,0.0,0.0,0.0,0.0,0.0,0.0,0.0,0.0,0.0,0.0,0.0,0.0,0.0,0.0,0.0,0.0,0.0,0.0,0.0,0.0,0.0,0.0,0.0,0.0,0.0,0.0,0.0,0.0,0.0,0.0,0.0,0.0,0.0,0.0,0.0,0.0,0.0,0.0,0.0,0.0,0.0,0.0,0.0,0.0,0.0,0.0
15164,0.0,0.0,0.0,0.0,0.000167440300535,0.00678133217167,0.0,0.000669761202141,0.0,0.000167440300535,0.0,0.0,0.0,0.0,0.0,0.000167440300535,0.00184184330589,0.00200928360642,0.00267904480856,0.0,0.0,0.0,0.0,0.0,0.0,0.0,0.0,0.0,0.000141214711295,0.00571919580744,0.0,0.000564858845179,0.0,0.000141214711295,0.0,0.0,0.0,0.0,0.0,0.000141214711295,0.00155336182424,0.00169457653554,0.00225943538072,0.0,0.0,0.0,0.0,0.0,0.0,0.0,0.0,0.0,1.6138824148e-05,0.000653622377993,0.0,6.45552965919e-05,0.0,1.6138824148e-05,0.0,0.0,0.0,0.0,0.0,1.6138824148e-05,0.000177527065628,0.000193665889776,0.000258221186367,0.0,0.0,0.0,0.0,0.0,0.0,0.0,0.0,0.0,2.4208236222e-05,0.000980433566989,0.0,9.68329448878e-05,0.0,2.4208236222e-05,0.0,0.0,0.0,0.0,0.0,2.4208236222e-05,0.000266290598441,0.000290498834663,0.000387331779551,0.0,0.0,0.0,0.0,0.0,0.0,0.0,0.0,0.0,0.0,0.0,0.0,0.0,0.0,0.0,0.0,0.0,0.0,0.0,0.0,0.0,0.0,0.0,0.0,0.0,0.0,0.0,0.0,0.0,0.0,0.0,0.0,0.0,0.0,0.0,0.0,0.0,0.0,0.0,0.0,0.0,0.0,0.0,0.0,0.0,0.0,0.0,0.0,0.0,0.0,0.0,0.0,0.0,0.0,0.0,0.0,0.0,0.0,0.0,0.0,0.0,0.0,0.0,0.0,0.0,0.0,0.0,0.0,0.0,0.0,0.0,0.0,0.0,0.0,0.0,0.0,0.0
661,0.0,0.0,0.0,0.0,0.0,0.0,0.0,0.000489531690266,0.00685344366373,0.00636391197346,0.0058743802832,0.0058743802832,0.00562961443806,0.00611914612833,0.003671487677,0.0,0.00171336091593,0.0014685950708,0.000979063380533,0.0,0.0,0.0,0.0,0.0,0.0,0.0,0.0,0.0,0.0,0.0,0.0,0.000639110817848,0.00894755144987,0.00830844063202,0.00766932981417,0.00766932981417,0.00734977440525,0.0079888852231,0.00479333113386,0.0,0.00223688786247,0.00191733245354,0.0012782216357,0.0,0.0,0.0,0.0,0.0,0.0,0.0,0.0,0.0,0.0,0.0,0.0,0.000557522202803,0.00780531083925,0.00724778863644,0.00669026643364,0.00669026643364,0.00641150533224,0.00696902753504,0.00418141652103,0.0,0.00195132770981,0.00167256660841,0.00111504440561,0.0,0.0,0.0,0.0,0.0,0.0,0.0,0.0,0.0,0.0,0.0,0.0,0.000516727895281,0.00723419053394,0.00671746263866,0.00620073474337,0.00620073474337,0.00594237079573,0.00645909869102,0.00387545921461,0.0,0.00180854763348,0.00155018368584,0.00103345579056,0.0,0.0,0.0,0.0,0.0,0.0,0.0,0.0,0.0,0.0,0.0,0.0,0.000271962050148,0.00380746870207,0.00353550665192,0.00326354460178,0.00326354460178,0.0031275635767,0.00339952562685,0.00203971537611,0.0,0.000951867175518,0.000815886150444,0.000543924100296,0.0,0.0,0.0,0.0,0.0,0.0,0.0,0.0,0.0,0.0,0.0,0.0,2.71962050148e-05,0.000380746870207,0.000353550665192,0.000326354460178,0.000326354460178,0.00031275635767,0.000339952562685,0.000203971537611,0.0,9.51867175518e-05,8.15886150444e-05,5.43924100296e-05,0.0,0.0,0.0,0.0,0.0,0.0,0.0,0.0,0.0,0.0,0.0,0.0,0.0,0.0,0.0,0.0,0.0,0.0,0.0,0.0,0.0,0.0,0.0,0.0,0.0,0.0,0.0,0.0,0.0
4026,0.0,0.0,0.0,0.0,0.0,0.0,0.0,0.0,0.0,0.0,0.0,0.0,0.0,0.0,0.0,0.0,0.0,0.0,0.0,0.0,0.0,0.0,0.0,0.0,0.0,0.0,0.0,0.0,0.0,0.0,0.0,0.0,0.0,0.0,0.0,0.0,0.0,0.0,0.0,0.0,0.0,0.0,0.0,0.0,0.0,0.0,0.0,0.0,0.0,0.0,0.0,0.0,0.0,0.0,0.0,0.0,0.0,0.0,0.00039037085231,0.00169160702668,0.00169160702668,0.0,0.0,0.0,0.0,0.0,0.0,0.0,0.0,0.0,0.0,0.0,0.0,0.0,0.0,0.0,0.0,0.0,0.0,0.0,0.0,0.0,0.0,0.0,0.0,0.0,0.0,0.0,0.0,0.0,0.0,0.0,0.0,0.0,0.0,0.0,0.0,0.0,0.0,0.0,0.0,0.0,0.0,0.0,0.0,0.0,0.0,0.0,0.0,0.0,0.0,0.0,0.0,0.0,0.0,0.0,0.0,0.0,0.0,0.0,0.0,0.0,0.0,0.0,0.0,0.0,0.0,0.0,0.0,0.0,0.0,0.0,0.0,0.0,0.0,0.0,0.0,0.0,0.0,0.0,0.0,0.0,0.0,0.0,0.0,0.0,0.0,0.0,0.0,0.0,0.0,0.0,0.0,0.0,0.0,0.0,0.0,0.0,0.0,0.0,0.0,0.0,0.0,0.0,0.0,0.0,0.0,0.0
919,0.00018623570365,0.0,0.0,0.000124157135767,0.0,0.0,0.0,0.0003724714073,0.000682864246716,0.0011174142219,0.000310392839416,0.00291769269051,0.00415926404818,0.00478004972701,0.0014898856292,0.00279353555475,0.00316600696205,0.000993257086132,0.00130364992555,0.000807021382483,0.000124157135767,0.0,0.000248314271533,6.20785678833e-05,0.000704456792067,0.0,0.0,0.000469637861378,0.0,0.0,0.0,0.00140891358413,0.00258300823758,0.0042267407524,0.00117409465344,0.0110364897424,0.0157328683562,0.018081057663,0.00563565433653,0.010566851881,0.0119757654651,0.00375710289102,0.00493119754447,0.00305264609896,0.000469637861378,0.0,0.000939275722756,0.000234818930689,0.00034817979378,0.0,0.0,0.00023211986252,0.0,0.0,0.0,0.00069635958756,0.00127665924386,0.00208907876268,0.0005802996563,0.00545481676922,0.00777601539442,0.00893661470702,0.00278543835024,0.0052226969067,0.00591905649426,0.00185695890016,0.00243725855646,0.00150877910638,0.00023211986252,0.0,0.00046423972504,0.00011605993126,0.000340082589274,0.0,0.0,0.000226721726182,0.0,0.0,0.0,0.000680165178547,0.001246969494,0.00204049553564,0.000566804315456,0.00532796056529,0.00759517782711,0.00872878645802,0.00272066071419,0.0051012388391,0.00578140401765,0.00181377380946,0.00238057812492,0.00147369122019,0.000226721726182,0.0,0.000453443452365,0.000113360863091,8.09720450651e-05,0.0,0.0,5.39813633768e-05,0.0,0.0,0.0,0.00016194409013,0.000296897498572,0.000485832270391,0.000134953408442,0.00126856203935,0.00180837567312,0.00207828249001,0.000647776360521,0.00121458067598,0.00137652476611,0.000431850907014,0.000566804315456,0.000350878861949,5.39813633768e-05,0.0,0.000107962726754,2.69906816884e-05,8.09720450651e-06,0.0,0.0,5.39813633768e-06,0.0,0.0,0.0,1.6194409013e-05,2.96897498572e-05,4.85832270391e-05,1.34953408442e-05,0.000126856203935,0.000180837567312,0.000207828249001,6.47776360521e-05,0.000121458067598,0.000137652476611,4.31850907014e-05,5.66804315456e-05,3.50878861949e-05,5.39813633768e-06,0.0,1.07962726754e-05,2.69906816884e-06,4.04860225326e-06,0.0,0.0,2.69906816884e-06,0.0,0.0,0.0,8.09720450651e-06,1.48448749286e-05,2.42916135195e-05,6.7476704221e-06,6.34281019677e-05,9.04187836561e-05,0.0001039141245,3.23888180261e-05,6.07290337989e-05,6.88262383054e-05,2.15925453507e-05,2.83402157728e-05,1.75439430974e-05,2.69906816884e-06,0.0,5.39813633768e-06,1.34953408442e-06
12969,0.0,0.0,0.0,0.0,0.0,0.0,0.0,0.0,0.000288794763188,0.0,0.0,0.000115517905275,8.66384289565e-05,0.000216596072391,0.0,0.0,0.000101078167116,0.0,0.0,0.0,0.0,0.0,0.0,0.0,0.0,0.0,0.0,0.0,0.0,0.0,0.0,0.0,0.00389872930304,0.0,0.0,0.00155949172122,0.00116961879091,0.00292404697728,0.0,0.0,0.00136455525606,0.0,0.0,0.0,0.0,0.0,0.0,0.0,0.0,0.0,0.0,0.0,0.0,0.0,0.0,0.0,0.00389872930304,0.0,0.0,0.00155949172122,0.00116961879091,0.00292404697728,0.0,0.0,0.00136455525606,0.0,0.0,0.0,0.0,0.0,0.0,0.0,0.0,0.0,0.0,0.0,0.0,0.0,0.0,0.0,0.0,0.0,0.0,0.0,0.0,0.0,0.0,0.0,0.0,0.0,0.0,0.0,0.0,0.0,0.0,0.0,0.0,0.0,0.0,0.0,0.0,0.0,0.0,0.0,0.0,0.0,0.0,0.0,0.0,0.0,0.0,0.0,0.0,0.0,0.0,0.0,0.0,0.0,0.0,0.0,0.0,0.0,0.0,0.0,0.0,0.0,0.0,0.0,0.0,0.0,0.0,0.0,0.0,0.0,0.0,0.0,0.0,0.0,0.0,0.0,0.0,0.0,0.0,0.0,0.0,0.0,0.0,0.0,0.0,0.0,0.0,0.0,0.0,0.0,0.0,0.0,0.0,0.0,0.0,0.0,0.0,0.0,0.0,0.0,0.0,0.0,0.0,0.0
12771,0.00175909230486,0.0,0.0,0.0,0.0,0.0,0.0,0.000370335222075,0.00249976274901,0.00574019594216,0.0104619700236,0.0115729756898,0.019812934381,0.0108323052457,0.00601794735872,0.0183315934927,0.0124062299395,0.00611053116424,0.00685120160839,0.00203684372141,0.00203684372141,0.00796220727461,0.00657345019183,0.00361076841523,0.00207387724362,0.0,0.0,0.0,0.0,0.0,0.0,0.000436605735499,0.00294708871462,0.00676738890023,0.0123341120278,0.0136439292343,0.0233584068492,0.0127707177633,0.00709484320186,0.0216119839072,0.0146262921392,0.00720399463573,0.00807720610673,0.00240133154524,0.00240133154524,0.00938702331323,0.0077497518051,0.00425690592111,0.00162947497713,0.0,0.0,0.0,0.0,0.0,0.0,0.000343047363606,0.00231556970434,0.0053172341359,0.00969108802188,0.0107202301127,0.0183530339529,0.0100341353855,0.0055745196586,0.0169808444985,0.0114920866808,0.0056602814995,0.00634637622672,0.00188676049983,0.00188676049983,0.00737551831753,0.00608909070401,0.00334471179516,0.00124062299395,0.0,0.0,0.0,0.0,0.0,0.0,0.0002611837882,0.00176299057035,0.0040483487171,0.00737844201666,0.00816199338126,0.0139733326687,0.00763962580486,0.00424423655825,0.0129285975159,0.00874965690471,0.0043095325053,0.0048319000817,0.0014365108351,0.0014365108351,0.0056154514463,0.00463601224055,0.00254654193495,0.00112335017363,0.0,0.0,0.0,0.0,0.0,0.0,0.000236494773395,0.00159633972042,0.00366566898763,0.00668097734841,0.0073904616686,0.0126524703766,0.00691747212181,0.00384304006767,0.0117064912831,0.00792257490874,0.00390216376102,0.00437515330781,0.00130072125367,0.00130072125367,0.005084637628,0.00419778222776,0.0023058240406,0.00034564620727,0.0,0.0,0.0,0.0,0.0,0.0,7.27676225831e-05,0.000491181452436,0.00112789815004,0.00205568533797,0.00227398820572,0.0038930678082,0.00212845296056,0.00118247386698,0.00360199731787,0.00243771535654,0.00120066577262,0.00134620101779,0.000400221924207,0.000400221924207,0.00156450388554,0.00129162530085,0.000709484320186,0.000827081995967,0.0,0.0,0.0,0.0,0.0,0.0,0.000174122525467,0.0011753270469,0.00269889914474,0.00491896134444,0.00544132892084,0.00931555511247,0.0050930838699,0.00282949103884,0.00861906501061,0.00583310460314,0.0028730216702,0.00322126672114,0.000957673890067,0.000957673890067,0.00374363429754,0.00309067482704,0.0016976946233
12981,0.0,0.0,0.0,0.0,0.0,0.0,0.0,0.0,0.0,0.0,0.0,0.0,0.0,0.0,0.0,0.0,0.0,0.0,0.0,0.0,0.0,0.0,0.0,0.0,0.0,0.0,0.0,0.0,0.0,0.0,0.0,0.0,0.0,0.0,0.0,0.00152200896511,0.00608803586044,0.00532703137788,0.000507336321703,0.0,0.0,0.0,0.0,0.0,0.000761004482555,0.000761004482555,0.0,0.0,0.0,0.0,0.0,0.0,0.0,0.0,0.0,0.0,0.0,0.0,0.0,0.0,0.0,0.0,0.0,0.0,0.0,0.0,0.0,0.0,0.0,0.0,0.0,0.0,0.0,0.0,0.0,0.0,0.0,0.0,0.0,0.0,0.0,0.0,0.0,0.00158054777146,0.00632219108584,0.00553191720011,0.000526849257153,0.0,0.0,0.0,0.0,0.0,0.00079027388573,0.00079027388573,0.0,0.0,0.0,0.0,0.0,0.0,0.0,0.0,0.0,0.0,0.0,0.0,0.0,0.0,0.0,0.0,0.0,0.0,0.0,0.0,0.0,0.0,0.0,0.0,0.0,0.0,0.0,0.0,0.0,0.0,0.0,0.0,0.0,0.0,0.0,0.0,0.0,0.000351232838102,0.00140493135241,0.00122931493336,0.000117077612701,0.0,0.0,0.0,0.0,0.0,0.000175616419051,0.000175616419051,0.0,0.0,0.0,0.0,0.0,0.0,0.0,0.0,0.0,0.0,0.0,0.0,0.0,0.0,0.0,0.0,0.0,0.0,0.0,0.0,0.0,0.0,0.0,0.0,0.0,0.0
14615,0.0,0.0,0.0,0.000278557593959,0.00306413353355,0.0,0.0,0.00111423037584,0.0,0.0,0.000417836390938,0.00222846075167,0.0,0.0,0.0,0.0,0.0,0.0,0.0,0.0,0.0,0.0,0.0,0.0,0.0,0.0,0.0,0.0,0.0,0.0,0.0,0.0,0.0,0.0,0.0,0.0,0.0,0.0,0.0,0.0,0.0,0.0,0.0,0.0,0.0,0.0,0.0,0.0,0.0,0.0,0.0,0.0,0.0,0.0,0.0,0.0,0.0,0.0,0.0,0.0,0.0,0.0,0.0,0.0,0.0,0.0,0.0,0.0,0.0,0.0,0.0,0.0,0.0,0.0,0.0,0.0,0.0,0.0,0.0,0.0,0.0,0.0,0.0,0.0,0.0,0.0,0.0,0.0,0.0,0.0,0.0,0.0,0.0,0.0,0.0,0.0,0.0,0.0,0.0,0.0,0.0,0.0,0.0,0.0,0.0,0.0,0.0,0.0,0.0,0.0,0.0,0.0,0.0,0.0,0.0,0.0,0.0,0.0,0.0,0.0,0.0,0.0,0.0,0.0,0.0,0.0,0.0,0.0,0.0,0.0,0.0,0.0,0.0,0.0,0.0,0.0,0.0,0.0,0.0,0.0,0.0,0.0,0.0,0.0,0.0,0.0,0.0,0.000165393571413,0.00181932928554,0.0,0.0,0.000661574285652,0.0,0.0,0.00024809035712,0.0013231485713,0.0,0.0,0.0,0.0,0.0,0.0,0.0,0.0,0.0,0.0,0.0,0.0
2944,0.0,0.0,0.0,0.0,0.0,0.0,0.0,0.0,0.0,0.0,0.0,0.0,0.0,0.0,0.0,0.0,0.0,0.0,0.0,0.0,0.0,0.0,0.0,0.0,0.0,0.0,0.0,0.0,0.0,0.0,0.0,0.0,0.0,0.0,0.00122928734414,0.00215125285224,0.00522447121259,0.00430250570448,0.000307321836035,0.0,0.0,0.000614643672069,0.0,0.0,0.00199759193422,0.0,0.0,0.0,0.0,0.0,0.0,0.0,0.0,0.0,0.0,0.0,0.0,0.0,0.000435372601049,0.000761902051836,0.00185033355446,0.00152380410367,0.000108843150262,0.0,0.0,0.000217686300524,0.0,0.0,0.000707480476705,0.0,0.0,0.0,0.0,0.0,0.0,0.0,0.0,0.0,0.0,0.0,0.0,0.0,0.000256101530029,0.00044817767755,0.00108843150262,0.000896355355101,6.40253825072e-05,0.0,0.0,0.000128050765014,0.0,0.0,0.000416164986297,0.0,0.0,0.0,0.0,0.0,0.0,0.0,0.0,0.0,0.0,0.0,0.0,0.0,0.000717084284081,0.00125489749714,0.00304760820734,0.00250979499428,0.00017927107102,0.0,0.0,0.00035854214204,0.0,0.0,0.00116526196163,0.0,0.0,0.0,0.0,0.0,0.0,0.0,0.0,0.0,0.0,0.0,0.0,0.0,0.0,0.0,0.0,0.0,0.0,0.0,0.0,0.0,0.0,0.0,0.0,0.0,0.0,0.0,0.0,0.0,0.0,0.0,0.0,0.0,0.0,0.0,0.0,0.0,0.0,0.0,0.0,0.0,0.0,0.0,0.0,0.0,0.0,0.0,0.0,0.0,0.0,0.0
8787,0.0,0.0,0.00129354388355,0.000287454196345,0.0,0.00143727098172,0.00100608968721,0.0015809980799,0.0025870877671,0.000574908392689,0.0,0.0,0.000287454196345,0.0,0.000431181294517,0.000718635490862,0.0,0.0,0.0,0.0,0.0,0.0,0.0,0.0,0.0,0.0,0.000754567265405,0.000167681614534,0.0,0.000838408072672,0.00058688565087,0.000922248879939,0.00150913453081,0.000335363229069,0.0,0.0,0.000167681614534,0.0,0.000251522421802,0.000419204036336,0.0,0.0,0.0,0.0,0.0,0.0,0.0,0.0,0.0,0.0,0.000754567265405,0.000167681614534,0.0,0.000838408072672,0.00058688565087,0.000922248879939,0.00150913453081,0.000335363229069,0.0,0.0,0.000167681614534,0.0,0.000251522421802,0.000419204036336,0.0,0.0,0.0,0.0,0.0,0.0,0.0,0.0,0.0,0.0,0.00291047373799,0.000646771941776,0.0,0.00323385970888,0.00226370179621,0.00355724567977,0.00582094747598,0.00129354388355,0.0,0.0,0.000646771941776,0.0,0.000970157912663,0.00161692985444,0.0,0.0,0.0,0.0,0.0,0.0,0.0,0.0,0.0,0.0,0.00194031582533,0.000431181294517,0.0,0.00215590647259,0.00150913453081,0.00237149711984,0.00388063165065,0.000862362589034,0.0,0.0,0.000431181294517,0.0,0.000646771941776,0.00107795323629,0.0,0.0,0.0,0.0,0.0,0.0,0.0,0.0,0.0,0.0,0.0,0.0,0.0,0.0,0.0,0.0,0.0,0.0,0.0,0.0,0.0,0.0,0.0,0.0,0.0,0.0,0.0,0.0,0.0,0.0,0.0,0.0,0.0,0.0,0.0,0.0,0.0,0.0,0.0,0.0,0.0,0.0,0.0,0.0,0.0,0.0,0.0,0.0,0.0,0.0,0.0,0.0,0.0,0.0,0.0,0.0
8784,0.00137182772118,0.0,0.0,0.0,0.0,0.0,0.0,0.0,0.0,0.000288805836038,0.000288805836038,0.000505410213066,0.00519850504868,0.00122742480316,0.000794216049103,0.0,0.00158843209821,0.00274365544236,0.00194943939325,0.00115522334415,0.00158843209821,0.000144402918019,0.000144402918019,0.000288805836038,0.00212412034247,0.0,0.0,0.0,0.0,0.0,0.0,0.0,0.0,0.000447183229994,0.000447183229994,0.000782570652489,0.00804929813989,0.00190052872747,0.00122975388248,0.0,0.00245950776497,0.00424824068494,0.00301848680246,0.00178873291997,0.00245950776497,0.000223591614997,0.000223591614997,0.000447183229994,0.00207986783534,0.0,0.0,0.0,0.0,0.0,0.0,0.0,0.0,0.000437866912702,0.000437866912702,0.000766267097229,0.00788160442864,0.00186093437898,0.00120413400993,0.0,0.00240826801986,0.00415973567067,0.00295560166074,0.00175146765081,0.00240826801986,0.000218933456351,0.000218933456351,0.000437866912702,0.00154883774972,0.0,0.0,0.0,0.0,0.0,0.0,0.0,0.0,0.000326071105204,0.000326071105204,0.000570624434107,0.00586927989367,0.00138580219712,0.00089669553931,0.0,0.00179339107862,0.00309767549944,0.00220097996013,0.00130428442081,0.00179339107862,0.000163035552602,0.000163035552602,0.000326071105204,0.00181435279253,0.0,0.0,0.0,0.0,0.0,0.0,0.0,0.0,0.000381969008953,0.000381969008953,0.000668445765668,0.00687544216115,0.00162336828805,0.00105041477462,0.0,0.00210082954924,0.00362870558505,0.00257829081043,0.00152787603581,0.00210082954924,0.000190984504476,0.000190984504476,0.000381969008953,0.000531030085617,0.0,0.0,0.0,0.0,0.0,0.0,0.0,0.0,0.000111795807498,0.000111795807498,0.000195642663122,0.00201232453497,0.000475132181868,0.000307438470621,0.0,0.000614876941241,0.00106206017123,0.000754621700614,0.000447183229994,0.000614876941241,5.58979037492e-05,5.58979037492e-05,0.000111795807498,0.00234538287814,0.0,0.0,0.0,0.0,0.0,0.0,0.0,0.0,0.000493764816451,0.000493764816451,0.00086408842879,0.00888776669612,0.00209850046992,0.00135785324524,0.0,0.00271570649048,0.00469076575629,0.00333291251105,0.00197505926581,0.00271570649048,0.000246882408226,0.000246882408226,0.000493764816451
731,0.000176274727427,0.0,0.0,0.0,0.0,0.0,0.0,0.0,0.0,0.0,0.0,0.000352549454854,0.0013220604557,0.000264412091141,0.000176274727427,0.0,0.0,0.0,0.00141019781942,0.00105764836456,0.0,0.000176274727427,0.000528824182281,0.000528824182281,0.000146895606189,0.0,0.0,0.0,0.0,0.0,0.0,0.0,0.0,0.0,0.0,0.000293791212378,0.00110171704642,0.000220343409284,0.000146895606189,0.0,0.0,0.0,0.00117516484951,0.000881373637135,0.0,0.000146895606189,0.000440686818568,0.000440686818568,0.000293791212378,0.0,0.0,0.0,0.0,0.0,0.0,0.0,0.0,0.0,0.0,0.000587582424757,0.00220343409284,0.000440686818568,0.000293791212378,0.0,0.0,0.0,0.00235032969903,0.00176274727427,0.0,0.000293791212378,0.000881373637135,0.000881373637135,0.000793236273422,0.0,0.0,0.0,0.0,0.0,0.0,0.0,0.0,0.0,0.0,0.00158647254684,0.00594927205066,0.00118985441013,0.000793236273422,0.0,0.0,0.0,0.00634589018737,0.00475941764053,0.0,0.000793236273422,0.00237970882027,0.00237970882027,0.000117516484951,0.0,0.0,0.0,0.0,0.0,0.0,0.0,0.0,0.0,0.0,0.000235032969903,0.000881373637135,0.000176274727427,0.000117516484951,0.0,0.0,0.0,0.000940131879611,0.000705098909708,0.0,0.000117516484951,0.000352549454854,0.000352549454854,0.000176274727427,0.0,0.0,0.0,0.0,0.0,0.0,0.0,0.0,0.0,0.0,0.000352549454854,0.0013220604557,0.000264412091141,0.000176274727427,0.0,0.0,0.0,0.00141019781942,0.00105764836456,0.0,0.000176274727427,0.000528824182281,0.000528824182281,0.000293791212378,0.0,0.0,0.0,0.0,0.0,0.0,0.0,0.0,0.0,0.0,0.000587582424757,0.00220343409284,0.000440686818568,0.000293791212378,0.0,0.0,0.0,0.00235032969903,0.00176274727427,0.0,0.000293791212378,0.000881373637135,0.000881373637135
11268,0.0,0.0,0.0,0.0,0.0,0.0,0.0,0.0,0.0,0.0,0.0,0.0,0.0,0.0,0.0,0.0,0.0,0.0,0.0,0.0,0.0,0.0,0.0,0.0,0.0,0.0,0.0,0.000188156588094,0.00131709611666,0.0,0.000940782940469,0.0,0.0,0.000376313176188,0.000564469764282,0.0,0.0,0.0,0.0,0.000188156588094,0.0,0.0,0.0,0.0,0.0,0.0,0.0,0.0,0.0,0.0,0.0,0.00062718862698,0.00439032038886,0.0,0.0031359431349,0.0,0.0,0.00125437725396,0.00188156588094,0.0,0.0,0.0,0.0,0.00062718862698,0.0,0.0,0.0,0.0,0.0,0.0,0.0,0.0,0.0,0.0,0.0,0.000125437725396,0.000878064077771,0.0,0.00062718862698,0.0,0.0,0.000250875450792,0.000376313176188,0.0,0.0,0.0,0.0,0.000125437725396,0.0,0.0,0.0,0.0,0.0,0.0,0.0,0.0,0.0,0.0,0.0,0.000250875450792,0.00175612815554,0.0,0.00125437725396,0.0,0.0,0.000501750901584,0.000752626352375,0.0,0.0,0.0,0.0,0.000250875450792,0.0,0.0,0.0,0.0,0.0,0.0,0.0,0.0,0.0,0.0,0.0,0.0,0.0,0.0,0.0,0.0,0.0,0.0,0.0,0.0,0.0,0.0,0.0,0.0,0.0,0.0,0.0,0.0,0.0,0.0,0.0,0.0,0.0,0.0,0.0,0.0,0.0,0.0,0.0,0.0,0.0,0.0,0.0,0.0,0.0,0.0,0.0,0.0,0.0,0.0,0.0,0.0,0.0,0.0,0.0,0.0
3579,0.0,0.0,0.0,0.0,0.0,0.0,0.0,0.0,0.0,0.0,0.0,0.000528301886792,0.0,0.000528301886792,0.00105660377358,0.0,0.00422641509434,0.00316981132075,0.000528301886792,0.000528301886792,0.0,0.0,0.0,0.0,0.0,0.0,0.0,0.0,0.0,0.0,0.0,0.0,0.0,0.0,0.0,0.0,0.0,0.0,0.0,0.0,0.0,0.0,0.0,0.0,0.0,0.0,0.0,0.0,0.0,0.0,0.0,0.0,0.0,0.0,0.0,0.0,0.0,0.0,0.0,7.54716981132e-05,0.0,7.54716981132e-05,0.000150943396226,0.0,0.000603773584906,0.000452830188679,7.54716981132e-05,7.54716981132e-05,0.0,0.0,0.0,0.0,0.0,0.0,0.0,0.0,0.0,0.0,0.0,0.0,0.0,0.0,0.0,0.000150943396226,0.0,0.000150943396226,0.000301886792453,0.0,0.00120754716981,0.000905660377358,0.000150943396226,0.000150943396226,0.0,0.0,0.0,0.0,0.0,0.0,0.0,0.0,0.0,0.0,0.0,0.0,0.0,0.0,0.0,0.000150943396226,0.0,0.000150943396226,0.000301886792453,0.0,0.00120754716981,0.000905660377358,0.000150943396226,0.000150943396226,0.0,0.0,0.0,0.0,0.0,0.0,0.0,0.0,0.0,0.0,0.0,0.0,0.0,0.0,0.0,0.0,0.0,0.0,0.0,0.0,0.0,0.0,0.0,0.0,0.0,0.0,0.0,0.0,0.0,0.0,0.0,0.0,0.0,0.0,0.0,0.0,0.0,0.0,0.0,0.000603773584906,0.0,0.000603773584906,0.00120754716981,0.0,0.00483018867925,0.00362264150943,0.000603773584906,0.000603773584906,0.0,0.0,0.0,0.0
1424,0.0,0.0,0.0,0.0,0.0,0.0,0.0,0.0,0.0,0.00135237224746,0.00243427004542,0.00389483207267,0.00400302185247,0.00481444520094,0.00248836493532,0.00178513136664,0.00167694158685,0.00200151092624,0.000973708018168,0.000216379559593,0.000108189779796,0.0,0.0,0.0,0.0,0.0,0.0,0.0,0.0,0.0,0.0,0.0,0.0,0.00304283755678,0.0054771076022,0.00876337216352,0.00900679916806,0.0108325017021,0.00559882110447,0.00401654557494,0.0037731185704,0.00450339958403,0.00219084304088,0.000486854009084,0.000243427004542,0.0,0.0,0.0,0.0,0.0,0.0,0.0,0.0,0.0,0.0,0.0,0.0,0.00282549201701,0.00508588563061,0.00813741700898,0.00836345637034,0.0100587515805,0.00519890531129,0.00372964946245,0.00350361010109,0.00418172818517,0.00203435425224,0.000452078722721,0.000226039361361,0.0,0.0,0.0,0.0,0.0,0.0,0.0,0.0,0.0,0.0,0.0,0.0,0.00118332571652,0.00212998628974,0.00340797806359,0.00350264412091,0.00421263955083,0.0021773193184,0.00156198994581,0.00146732388849,0.00175132206046,0.000851994515897,0.000189332114644,9.46660573219e-05,0.0,0.0,0.0,0.0,0.0,0.0,0.0,0.0,0.0,0.0,0.0,0.0,0.000893531663498,0.0016083569943,0.00257337119087,0.00264485372395,0.00318097272205,0.00164409826084,0.00117946179582,0.00110797926274,0.00132242686198,0.000643342797718,0.00014296506616,7.14825330798e-05,0.0,0.0,0.0,0.0,0.0,0.0,0.0,0.0,0.0,0.0,0.0,0.0,0.0,0.0,0.0,0.0,0.0,0.0,0.0,0.0,0.0,0.0,0.0,0.0,0.0,0.0,0.0,0.0,0.0,0.0,0.0,0.0,0.0,0.0,0.0,0.0,0.00219760490212,0.00395568882381,0.00632910211809,0.00650491051026,0.00782347345153,0.00404359301989,0.00290083847079,0.00272503007862,0.00325245525513,0.00158227552952,0.000351616784339,0.000175808392169,0.0,0.0,0.0
3733,0.000562011629149,5.91591188578e-05,0.0,0.000177477356573,0.0,0.0,0.0,0.0,0.00026621603486,2.95795594289e-05,0.000562011629149,0.000562011629149,0.0,0.0,0.0,0.0,0.0,0.0,0.0,0.0,0.0,5.91591188578e-05,0.0,0.000177477356573,0.00196704070202,0.000207056916002,0.0,0.000621170748007,0.0,0.0,0.0,0.0,0.00093175612201,0.000103528458001,0.00196704070202,0.00196704070202,0.0,0.0,0.0,0.0,0.0,0.0,0.0,0.0,0.0,0.000207056916002,0.0,0.000621170748007,0.00393408140404,0.000414113832005,0.0,0.00124234149601,0.0,0.0,0.0,0.0,0.00186351224402,0.000207056916002,0.00393408140404,0.00393408140404,0.0,0.0,0.0,0.0,0.0,0.0,0.0,0.0,0.0,0.000414113832005,0.0,0.00124234149601,0.000562011629149,5.91591188578e-05,0.0,0.000177477356573,0.0,0.0,0.0,0.0,0.00026621603486,2.95795594289e-05,0.000562011629149,0.000562011629149,0.0,0.0,0.0,0.0,0.0,0.0,0.0,0.0,0.0,5.91591188578e-05,0.0,0.000177477356573,0.0,0.0,0.0,0.0,0.0,0.0,0.0,0.0,0.0,0.0,0.0,0.0,0.0,0.0,0.0,0.0,0.0,0.0,0.0,0.0,0.0,0.0,0.0,0.0,0.000562011629149,5.91591188578e-05,0.0,0.000177477356573,0.0,0.0,0.0,0.0,0.00026621603486,2.95795594289e-05,0.000562011629149,0.000562011629149,0.0,0.0,0.0,0.0,0.0,0.0,0.0,0.0,0.0,5.91591188578e-05,0.0,0.000177477356573,0.000187337209716,1.97197062859e-05,0.0,5.91591188578e-05,0.0,0.0,0.0,0.0,8.87386782867e-05,9.85985314297e-06,0.000187337209716,0.000187337209716,0.0,0.0,0.0,0.0,0.0,0.0,0.0,0.0,0.0,1.97197062859e-05,0.0,5.91591188578e-05
7594,0.0,0.0,0.0,0.0,0.0,0.0,0.0,0.0,0.0,0.0,0.0,0.0,0.0,0.0,0.0,0.0,0.0,0.0,0.0,0.0,0.0,0.0,0.0,0.0,0.0,0.0,0.0,0.0,0.0,0.0,0.0,0.0,0.0,0.0,0.0006814966559,0.0006814966559,0.000511122491925,0.0006814966559,0.0,0.0013629933118,0.0,0.00357785744347,0.00289636078757,0.0,0.0,0.0,0.0,0.0,0.0,0.0,0.0,0.0,0.0,0.0,0.0,0.0,0.0,0.0,0.000811305542738,0.000811305542738,0.000608479157054,0.000811305542738,0.0,0.00162261108548,0.0,0.00425935409937,0.00344804855664,0.0,0.0,0.0,0.0,0.0,0.0,0.0,0.0,0.0,0.0,0.0,0.0,0.0,0.0,0.0,9.73566651286e-05,9.73566651286e-05,7.30174988464e-05,9.73566651286e-05,0.0,0.000194713330257,0.0,0.000511122491925,0.000413765826796,0.0,0.0,0.0,0.0,0.0,0.0,0.0,0.0,0.0,0.0,0.0,0.0,0.0,0.0,0.0,0.000389426660514,0.000389426660514,0.000292069995386,0.000389426660514,0.0,0.000778853321029,0.0,0.0020444899677,0.00165506330719,0.0,0.0,0.0,0.0,0.0,0.0,0.0,0.0,0.0,0.0,0.0,0.0,0.0,0.0,0.0,0.0,0.0,0.0,0.0,0.0,0.0,0.0,0.0,0.0,0.0,0.0,0.0,0.0,0.0,0.0,0.0,0.0,0.0,0.0,0.0,0.0,0.0,0.0,0.0,0.0,0.0,0.0,0.0,0.0,0.0,0.0,0.0,0.0,0.0,0.0,0.0,0.0,0.0
12528,0.0,0.0,0.0,0.0,0.0,0.0,0.0,0.0,0.0,0.0,0.0,0.0,0.0,0.0,0.0,0.0,0.0,0.0,0.0,0.0,0.0,0.0,0.0,0.0,0.0,0.000182803421035,0.0,0.0,0.00274205131553,0.00173663249984,0.0,0.0,0.0,0.0,0.0,0.0,0.0,0.0,0.0,0.0,0.0,0.0,0.0,0.0,0.0,0.0,0.0,0.0,0.0,0.0,0.0,0.0,0.0,0.0,0.0,0.0,0.0,0.0,0.0,0.0,0.0,0.0,0.0,0.0,0.0,0.0,0.0,0.0,0.0,0.0,0.0,0.0,0.0,1.74098496224e-05,0.0,0.0,0.000261147744336,0.000165393571413,0.0,0.0,0.0,0.0,0.0,0.0,0.0,0.0,0.0,0.0,0.0,0.0,0.0,0.0,0.0,0.0,0.0,0.0,0.0,0.0,0.0,0.0,0.0,0.0,0.0,0.0,0.0,0.0,0.0,0.0,0.0,0.0,0.0,0.0,0.0,0.0,0.0,0.0,0.0,0.0,0.0,0.0,0.0,0.000243737894714,0.0,0.0,0.00365606842071,0.00231550999978,0.0,0.0,0.0,0.0,0.0,0.0,0.0,0.0,0.0,0.0,0.0,0.0,0.0,0.0,0.0,0.0,0.0,0.0,0.0,0.0,0.0,0.0,0.0,0.0,0.0,0.0,0.0,0.0,0.0,0.0,0.0,0.0,0.0,0.0,0.0,0.0,0.0,0.0,0.0,0.0,0.0,0.0
12698,0.000495400462943,0.0,0.0,0.0,0.0,0.0,0.0,0.0,0.0,0.0,0.00470630439796,0.00247700231472,0.0,0.00396320370355,0.0,0.0,0.0,0.0,0.0,0.0,0.0,0.0,0.0,0.0,0.0,0.0,0.0,0.0,0.0,0.0,0.0,0.0,0.0,0.0,0.0,0.0,0.0,0.0,0.0,0.0,0.0,0.0,0.0,0.0,0.0,0.0,0.0,0.0,6.8331098337e-05,0.0,0.0,0.0,0.0,0.0,0.0,0.0,0.0,0.0,0.000649145434201,0.000341655491685,0.0,0.000546648786696,0.0,0.0,0.0,0.0,0.0,0.0,0.0,0.0,0.0,0.0,0.0,0.0,0.0,0.0,0.0,0.0,0.0,0.0,0.0,0.0,0.0,0.0,0.0,0.0,0.0,0.0,0.0,0.0,0.0,0.0,0.0,0.0,0.0,0.0,0.000239158844179,0.0,0.0,0.0,0.0,0.0,0.0,0.0,0.0,0.0,0.0022720090197,0.0011957942209,0.0,0.00191327075344,0.0,0.0,0.0,0.0,0.0,0.0,0.0,0.0,0.0,0.0,0.0,0.0,0.0,0.0,0.0,0.0,0.0,0.0,0.0,0.0,0.0,0.0,0.0,0.0,0.0,0.0,0.0,0.0,0.0,0.0,0.0,0.0,0.0,0.0,0.0,0.0,0.0,0.0,0.0,0.0,0.0,0.0,0.0,0.0,0.0,0.0,0.0,0.0,0.0,0.0,0.0,0.0,0.0,0.0,0.0,0.0,0.0,0.0
6222,0.0,0.0,0.0,0.0,0.0,0.0,0.0,0.0,0.0,0.0,0.0,0.0,0.0,0.0,0.0,0.0,0.0,0.0,0.0,0.0,0.0,0.0,0.0,0.0,0.0,0.0,0.0,0.0,0.0,0.0,0.0,0.0,0.0,0.0,0.0,0.0,0.0,0.0,0.0,0.0,0.0,0.0,0.0,0.0,0.0,0.0,0.0,0.0,0.0,0.0,0.0,0.0,0.0,0.0,0.0,0.0,0.0,0.0,0.0,0.0,0.0,0.0,0.0,0.0,0.0,0.0,0.0,0.0,0.0,0.0,0.0,0.0,0.0,0.0,0.0,0.0,0.0,0.0,0.0,0.0,0.0,0.0,0.0,0.0,0.0,0.0,0.0,0.0,0.0,0.0,0.0,0.0,0.0,0.0,0.0,0.0,0.0,0.0,0.0,0.0,0.0,0.0,0.0,0.0,0.0,0.0,0.0,0.0,0.0,0.0,0.000372699743769,0.00559049615653,0.0,0.000745399487538,0.0,0.0,0.0,0.0,0.0,0.0,0.0,0.0,0.0,0.0,0.0,0.0,0.0,0.0,0.0,0.0,0.0,0.0,0.0,0.0,0.0,0.0,0.0,0.0,0.0,0.0,0.0,0.0,0.0,0.0,0.0,0.0,0.0,0.0,0.0,0.0,0.0,0.0,0.0,0.0,0.0,0.0,0.0,0.0,4.65874679711e-05,0.000698812019567,0.0,9.31749359422e-05,0.0,0.0,0.0,0.0,0.0,0.0
819,0.0,0.0,0.0,0.0,0.0,0.0,0.0,0.0,0.000307200368818,0.000921601106453,0.00263314601844,0.00144823031014,0.00162377337804,0.000307200368818,0.000526629203688,0.0,0.000351086135792,0.000351086135792,0.000746058038557,0.0,0.0,0.000702172271583,0.0,0.0,0.0,0.0,0.0,0.0,0.0,0.0,0.0,0.0,0.000830578774952,0.00249173632486,0.00711924664244,0.00391558565334,0.00439020209617,0.000830578774952,0.00142384932849,0.0,0.000949232885659,0.000949232885659,0.00201711988203,0.0,0.0,0.00189846577132,0.0,0.0,0.0,0.0,0.0,0.0,0.0,0.0,0.0,0.0,0.00106951239514,0.00320853718543,0.00916724910123,0.00504198700568,0.00565313694576,0.00106951239514,0.00183344982025,0.0,0.00122229988016,0.00122229988016,0.00259738724535,0.0,0.0,0.00244459976033,0.0,0.0,0.0,0.0,0.0,0.0,0.0,0.0,0.0,0.0,2.27555828754e-05,6.82667486262e-05,0.000195047853218,0.00010727631927,0.000120279509484,2.27555828754e-05,3.90095706435e-05,0.0,2.6006380429e-05,2.6006380429e-05,5.52635584117e-05,0.0,0.0,5.2012760858e-05,0.0,0.0,0.0,0.0,0.0,0.0,0.0,0.0,0.0,0.0,0.00029582257738,0.00088746773214,0.00253562209183,0.00139459215051,0.00156363362329,0.00029582257738,0.000507124418366,0.0,0.000338082945577,0.000338082945577,0.000718426259352,0.0,0.0,0.000676165891154,0.0,0.0,0.0,0.0,0.0,0.0,0.0,0.0,0.0,0.0,4.55111657508e-05,0.000136533497252,0.000390095706435,0.000214552638539,0.000240559018968,4.55111657508e-05,7.8019141287e-05,0.0,5.2012760858e-05,5.2012760858e-05,0.000110527116823,0.0,0.0,0.000104025521716,0.0,0.0,0.0,0.0,0.0,0.0,0.0,0.0,0.0,0.0,0.0,0.0,0.0,0.0,0.0,0.0,0.0,0.0,0.0,0.0,0.0,0.0,0.0,0.0,0.0,0.0
14397,0.0,0.0,0.0,0.0,0.0,0.0,0.0,0.0,0.0,0.0,0.0,0.00104459097735,0.0,0.0,0.00522295488673,0.0,0.0,0.0,0.0,0.0,0.000522295488673,0.00208918195469,0.0,0.0,0.0,0.0,0.0,0.0,0.0,0.0,0.0,0.0,0.0,0.0,0.0,0.0,0.0,0.0,0.0,0.0,0.0,0.0,0.0,0.0,0.0,0.0,0.0,0.0,0.0,0.0,0.0,0.0,0.0,0.0,0.0,0.0,0.0,0.0,0.0,0.0,0.0,0.0,0.0,0.0,0.0,0.0,0.0,0.0,0.0,0.0,0.0,0.0,0.0,0.0,0.0,0.0,0.0,0.0,0.0,0.0,0.0,0.0,0.0,0.0,0.0,0.0,0.0,0.0,0.0,0.0,0.0,0.0,0.0,0.0,0.0,0.0,0.0,0.0,0.0,0.0,0.0,0.0,0.0,0.0,0.0,0.0,0.0,0.000208918195469,0.0,0.0,0.00104459097735,0.0,0.0,0.0,0.0,0.0,0.000104459097735,0.000417836390938,0.0,0.0,0.0,0.0,0.0,0.0,0.0,0.0,0.0,0.0,0.0,0.0,0.0,0.000522295488673,0.0,0.0,0.00261147744336,0.0,0.0,0.0,0.0,0.0,0.000261147744336,0.00104459097735,0.0,0.0,0.0,0.0,0.0,0.0,0.0,0.0,0.0,0.0,0.0,0.0,0.0,0.0,0.0,0.0,0.0,0.0,0.0,0.0,0.0,0.0,0.0,0.0,0.0,0.0
652,0.0,0.000162794741211,0.0,0.0,0.0,0.0,0.0,0.0,0.0,0.0015465500415,0.00529082908936,0.00276751060059,0.00105816581787,0.00105816581787,0.00227912637695,0.0014651526709,0.00122096055908,0.00138375530029,0.000488384223633,0.000162794741211,0.0,0.0,0.0,0.0,0.0,0.000693385008862,0.0,0.0,0.0,0.0,0.0,0.0,0.0,0.00658715758419,0.022535012788,0.0117875451507,0.0045070025576,0.0045070025576,0.00970739012407,0.00624046507976,0.00520038756646,0.00589377257533,0.00208015502659,0.000693385008862,0.0,0.0,0.0,0.0,0.0,0.00018088304579,0.0,0.0,0.0,0.0,0.0,0.0,0.0,0.00171838893501,0.00587869898818,0.00307501177843,0.00117573979764,0.00117573979764,0.00253236264106,0.00162794741211,0.00135662284343,0.00153750588922,0.00054264913737,0.00018088304579,0.0,0.0,0.0,0.0,0.0,0.000277354003545,0.0,0.0,0.0,0.0,0.0,0.0,0.0,0.00263486303368,0.0090140051152,0.00471501806026,0.00180280102304,0.00180280102304,0.00388295604963,0.0024961860319,0.00208015502659,0.00235750903013,0.000832062010634,0.000277354003545,0.0,0.0,0.0,0.0,0.0,6.02943485967e-05,0.0,0.0,0.0,0.0,0.0,0.0,0.0,0.000572796311668,0.00195956632939,0.00102500392614,0.000391913265878,0.000391913265878,0.000844120880354,0.00054264913737,0.000452207614475,0.000512501963072,0.00018088304579,6.02943485967e-05,0.0,0.0,0.0,0.0,0.0,1.20588697193e-05,0.0,0.0,0.0,0.0,0.0,0.0,0.0,0.000114559262334,0.000391913265878,0.000205000785229,7.83826531757e-05,7.83826531757e-05,0.000168824176071,0.000108529827474,9.0441522895e-05,0.000102500392614,3.6176609158e-05,1.20588697193e-05,0.0,0.0,0.0,0.0,0.0,1.20588697193e-05,0.0,0.0,0.0,0.0,0.0,0.0,0.0,0.000114559262334,0.000391913265878,0.000205000785229,7.83826531757e-05,7.83826531757e-05,0.000168824176071,0.000108529827474,9.0441522895e-05,0.000102500392614,3.6176609158e-05,1.20588697193e-05,0.0,0.0,0.0,0.0
739,0.0,0.0,0.0,0.0,0.0,0.0,0.0,0.0,0.0,0.00329685073504,0.00631896390882,0.00295342878347,0.000892897074073,0.000480790732193,0.00061815951282,0.0026100068319,0.00212921609971,0.00350290390598,0.00157974097721,0.000549475122506,0.0010302658547,0.0,0.00061815951282,0.0,0.0,0.0,0.0,0.0,0.0,0.0,0.0,0.0,0.0,0.00708472179231,0.0135790501019,0.00634672993895,0.00191877881875,0.00103318859471,0.00132838533606,0.00560873808558,0.00457554949087,0.00752751690433,0.00339476252548,0.00118078696539,0.0022139755601,0.0,0.00132838533606,0.0,0.0,0.0,0.0,0.0,0.0,0.0,0.0,0.0,0.0,0.00673399299072,0.0129068198989,0.00603253538752,0.00182378976832,0.000982040644479,0.00126262368576,0.00533107778432,0.00434903713984,0.00715486755263,0.00322670497472,0.00112233216512,0.0021043728096,0.0,0.00126262368576,0.0,0.0,0.0,0.0,0.0,0.0,0.0,0.0,0.0,0.0,0.00603253538752,0.0115623594927,0.00540414628465,0.00163381166745,0.000879744744013,0.00113110038516,0.00477575718178,0.00389601243777,0.00640956884924,0.00289058987318,0.00100542256459,0.0018851673086,0.0,0.00113110038516,0.0,0.0,0.0,0.0,0.0,0.0,0.0,0.0,0.0,0.0,0.00399830833824,0.00766342431495,0.00358181788634,0.00108287517494,0.00058308663266,0.000749682813419,0.00316532743444,0.00258224080178,0.00424820260938,0.00191585607874,0.00066638472304,0.0012494713557,0.0,0.000749682813419,0.0,0.0,0.0,0.0,0.0,0.0,0.0,0.0,0.0,0.0,0.0,0.0,0.0,0.0,0.0,0.0,0.0,0.0,0.0,0.0,0.0,0.0,0.0,0.0,0.0,0.0,0.0,0.0,0.0,0.0,0.0,0.0,0.0,0.0,0.0,0.0,0.0,0.0,0.0,0.0,0.0,0.0,0.0,0.0,0.0,0.0,0.0,0.0,0.0
11705,0.0,0.0,0.0,0.0,0.0,0.0,0.0,0.0,0.0,0.0,0.0,0.0,0.0,0.0,0.0,0.0,0.0,0.0,0.0,0.0,0.0,0.0,0.0,0.0,0.0,0.0,0.0,0.0,0.0,0.0,0.0,0.0,0.0,0.0,0.0,0.0,0.0,0.0,0.0,0.0,0.0,0.0,0.0,0.0,0.0,0.0,0.0,0.0,0.0,0.0,0.0,0.0,0.0,0.0,0.0,0.0,0.00083857442348,0.00335429769392,0.0,0.0,0.0,0.0,0.0,0.0,0.0,0.0,0.00083857442348,0.0,0.0,0.0,0.0,0.0,0.0,0.0,0.0,0.0,0.0,0.0,0.0,0.0,0.000139762403913,0.000559049615653,0.0,0.0,0.0,0.0,0.0,0.0,0.0,0.0,0.000139762403913,0.0,0.0,0.0,0.0,0.0,0.0,0.0,0.0,0.0,0.0,0.0,0.0,0.0,0.0,0.0,0.0,0.0,0.0,0.0,0.0,0.0,0.0,0.0,0.0,0.0,0.0,0.0,0.0,0.0,0.0,0.0,0.0,0.0,0.0,0.0,0.0,0.0,0.00153738644305,0.00614954577219,0.0,0.0,0.0,0.0,0.0,0.0,0.0,0.0,0.00153738644305,0.0,0.0,0.0,0.0,0.0,0.0,0.0,0.0,0.0,0.0,0.0,0.0,0.0,0.0,0.0,0.0,0.0,0.0,0.0,0.0,0.0,0.0,0.0,0.0,0.0,0.0,0.0,0.0,0.0
1148,7.06026525999e-05,0.0,0.0002118079578,0.0,0.0,0.0,0.0,0.0,0.0,0.0002118079578,0.000635423873399,0.0001412053052,0.000988437136398,0.000388314589299,0.0002118079578,0.0012002450942,0.000953135810098,0.0027182021251,0.0013061490731,0.0002118079578,0.0013414503994,0.000494218568199,3.53013262999e-05,0.0001059039789,0.000237481649654,0.0,0.000712444948962,0.0,0.0,0.0,0.0,0.0,0.0,0.000712444948962,0.00213733484689,0.000474963299308,0.00332474309516,0.0013061490731,0.000712444948962,0.00403718804412,0.00320600227033,0.00914304351168,0.0043934105186,0.000712444948962,0.00451215134343,0.00166237154758,0.000118740824827,0.000356222474481,0.000433243550045,0.0,0.00129973065013,0.0,0.0,0.0,0.0,0.0,0.0,0.00129973065013,0.0038991919504,0.000866487100089,0.00606540970063,0.00238283952525,0.00129973065013,0.00736514035076,0.0058487879256,0.0166798766767,0.00801500567583,0.00129973065013,0.00823162745085,0.00303270485031,0.000216621775022,0.000649865325067,0.000147623728163,0.0,0.00044287118449,0.0,0.0,0.0,0.0,0.0,0.0,0.00044287118449,0.00132861355347,0.000295247456327,0.00206673219429,0.000811930504899,0.00044287118449,0.00250960337878,0.00199292033021,0.00568351353429,0.00273103897102,0.00044287118449,0.0028048508351,0.00103336609714,7.38118640817e-05,0.000221435592245,0.0001059039789,0.0,0.000317711936699,0.0,0.0,0.0,0.0,0.0,0.0,0.000317711936699,0.000953135810098,0.0002118079578,0.0014826557046,0.000582471883949,0.000317711936699,0.0018003676413,0.00142970371515,0.00407730318764,0.00195922360965,0.000317711936699,0.0020121755991,0.000741327852299,5.29519894499e-05,0.00015885596835,6.41842296362e-06,0.0,1.92552688909e-05,0.0,0.0,0.0,0.0,0.0,0.0,1.92552688909e-05,5.77658066726e-05,1.28368459272e-05,8.98579214907e-05,3.53013262999e-05,1.92552688909e-05,0.000109113190382,8.66487100089e-05,0.0002471092841,0.000118740824827,1.92552688909e-05,0.000121950036309,4.49289607454e-05,3.20921148181e-06,9.62763444544e-06,1.92552688909e-05,0.0,5.77658066726e-05,0.0,0.0,0.0,0.0,0.0,0.0,5.77658066726e-05,0.000173297420018,3.85105377817e-05,0.000269573764472,0.0001059039789,5.77658066726e-05,0.000327339571145,0.000259946130027,0.000741327852299,0.000356222474481,5.77658066726e-05,0.000365850108927,0.000134786882236,9.62763444544e-06,2.88829033363e-05
8847,0.0,0.0,0.0,0.0,0.0,0.0,0.0,0.0,0.0,0.0,0.0,0.0,0.0,0.0,0.0,0.0,0.0,0.0,0.0,0.0,0.0,0.0,0.0,0.0,0.0,0.0,0.0,0.0,0.0,0.0,0.0,0.0,0.0,0.0,0.0,0.0,0.0,0.0,0.0,0.0,0.0,0.0,0.0,0.0,0.0,0.0,0.0,0.0,0.0,0.00259433962264,0.00117924528302,0.0,0.0,0.0,0.0,0.0,0.0,0.0,0.0,0.0,0.0,0.0,0.0,0.0,0.0,0.0,0.0,0.0,0.0,0.0,0.0,0.0,0.0,0.0,0.0,0.0,0.0,0.0,0.0,0.0,0.0,0.0,0.0,0.0,0.0,0.0,0.0,0.0,0.0,0.0,0.0,0.0,0.0,0.0,0.0,0.0,0.0,0.0,0.0,0.0,0.0,0.0,0.0,0.0,0.0,0.0,0.0,0.0,0.0,0.0,0.0,0.0,0.0,0.0,0.0,0.0,0.0,0.0,0.0,0.0,0.0,0.0,0.0,0.0,0.0,0.0,0.0,0.0,0.0,0.0,0.0,0.0,0.0,0.0,0.0,0.0,0.0,0.0,0.0,0.0,0.0,0.0,0.0,0.0,0.0,0.0,0.0,0.0,0.0,0.0,0.0,0.0,0.0,0.0,0.0,0.0,0.0,0.0,0.0,0.0,0.0,0.0,0.0,0.0,0.0,0.0,0.0,0.0
1143,0.0,0.0,0.0,0.0,0.0,0.0,0.0,0.0,0.0,0.000738271877408,0.00098436250321,0.00289156485318,0.00129197578546,0.000246090625803,0.000615226564507,0.000369135938704,0.000615226564507,0.000430658595155,0.0,0.0,0.0,0.0,0.0,0.000369135938704,0.0,0.0,0.0,0.0,0.0,0.0,0.0,0.0,0.0,0.0021163793819,0.00282183917587,0.00828915257912,0.00370366391833,0.000705459793967,0.00176364948492,0.00105818969095,0.00176364948492,0.00123455463944,0.0,0.0,0.0,0.0,0.0,0.00105818969095,0.0,0.0,0.0,0.0,0.0,0.0,0.0,0.0,0.0,0.00300230563479,0.00400307417972,0.0117590304029,0.00525403486089,0.00100076854493,0.00250192136233,0.0015011528174,0.00250192136233,0.00175134495363,0.0,0.0,0.0,0.0,0.0,0.0015011528174,0.0,0.0,0.0,0.0,0.0,0.0,0.0,0.0,0.0,0.000885926252889,0.00118123500385,0.00346987782382,0.00155037094256,0.000295308750963,0.000738271877408,0.000442963126445,0.000738271877408,0.000516790314185,0.0,0.0,0.0,0.0,0.0,0.000442963126445,0.0,0.0,0.0,0.0,0.0,0.0,0.0,0.0,0.0,9.8436250321e-05,0.000131248333761,0.000385541980424,0.000172263438062,3.28120834403e-05,8.20302086009e-05,4.92181251605e-05,8.20302086009e-05,5.74211460206e-05,0.0,0.0,0.0,0.0,0.0,4.92181251605e-05,0.0,0.0,0.0,0.0,0.0,0.0,0.0,0.0,0.0,0.0,0.0,0.0,0.0,0.0,0.0,0.0,0.0,0.0,0.0,0.0,0.0,0.0,0.0,0.0,0.0,0.0,0.0,0.0,0.0,0.0,0.0,0.0,0.0,0.0,0.0,0.0,0.0,0.0,0.0,0.0,0.0,0.0,0.0,0.0,0.0,0.0,0.0,0.0
9449,0.0,0.0,0.0,0.0,0.0,0.0,0.0,0.0,0.000143584681309,0.000161532766473,0.000143584681309,0.0001974289368,0.000394857873601,0.0,5.3844255491e-05,0.000305117447782,0.000161532766473,0.0,0.0,0.0,0.0,0.0,0.0,0.0,0.0,0.0,0.0,0.0,0.0,0.0,0.0,0.0,0.00150763915375,0.00169609404797,0.00150763915375,0.0020730038364,0.00414600767281,0.0,0.000565364682655,0.00320373320171,0.00169609404797,0.0,0.0,0.0,0.0,0.0,0.0,0.0,0.0,0.0,0.0,0.0,0.0,0.0,0.0,0.0,7.17923406547e-05,8.07663832365e-05,7.17923406547e-05,9.87144684002e-05,0.0001974289368,0.0,2.69221277455e-05,0.000152558723891,8.07663832365e-05,0.0,0.0,0.0,0.0,0.0,0.0,0.0,0.0,0.0,0.0,0.0,0.0,0.0,0.0,0.0,0.00139995064277,0.00157494447311,0.00139995064277,0.0019249321338,0.00384986426761,0.0,0.000524981491037,0.00297489511588,0.00157494447311,0.0,0.0,0.0,0.0,0.0,0.0,0.0,0.0,0.0,0.0,0.0,0.0,0.0,0.0,0.0,0.0,0.0,0.0,0.0,0.0,0.0,0.0,0.0,0.0,0.0,0.0,0.0,0.0,0.0,0.0,0.0,0.0,0.0,0.0,0.0,0.0,0.0,0.0,0.0,0.0,0.0,0.0,0.0,0.0,0.0,0.0,0.0,0.0,0.0,0.0,0.0,0.0,0.0,0.0,0.0,0.0,0.0,0.0,0.0,0.0,0.0,0.0,0.0,0.0,0.0,0.0,0.0,0.0,0.0,0.0,0.0,0.0,0.0,0.0,0.0,0.0,0.0,0.0,0.0
637,0.00246722876699,0.000704922504855,0.00105738375728,0.0,0.000352461252427,0.0,0.0,0.0,0.0,0.000528691878641,0.00555126472573,0.00625618723059,0.00748980161408,0.0121599132087,0.0013217296966,0.00140984500971,0.0012336143835,0.000352461252427,0.00105738375728,0.00308403595874,0.000969268444176,0.000352461252427,0.000176230626214,0.00361272783738,0.00558063649677,0.00159446757051,0.00239170135576,0.0,0.000797233785253,0.0,0.0,0.0,0.0,0.00119585067788,0.0125564321177,0.0141508996882,0.0169412179366,0.0275045655912,0.0029896266947,0.00318893514101,0.00279031824838,0.000797233785253,0.00239170135576,0.00697579562096,0.00219239290944,0.000797233785253,0.000398616892626,0.00817164629884,0.00343649721117,0.000981856346048,0.00147278451907,0.0,0.000490928173024,0.0,0.0,0.0,0.0,0.000736392259536,0.00773211872513,0.00871397507118,0.0104322236768,0.0169370219693,0.00184098064884,0.0019637126921,0.00171824860558,0.000490928173024,0.00147278451907,0.00429562151396,0.00135005247582,0.000490928173024,0.000245464086512,0.0050320137735,0.00431765034224,0.0012336143835,0.00185042157524,0.0,0.000616807191748,0.0,0.0,0.0,0.0,0.000925210787622,0.00971471327003,0.0109483276535,0.0131071528246,0.0212798481153,0.00231302696906,0.00246722876699,0.00215882517112,0.000616807191748,0.00185042157524,0.0053970629278,0.00169621977731,0.000616807191748,0.000308403595874,0.00632227371542,0.000234974168285,6.71354766529e-05,0.000100703214979,0.0,3.35677383264e-05,0.0,0.0,0.0,0.0,5.03516074896e-05,0.000528691878641,0.000595827355294,0.000713314439437,0.00115808697226,0.000125879018724,0.000134270953306,0.000117487084142,3.35677383264e-05,0.000100703214979,0.000293717710356,9.23112803977e-05,3.35677383264e-05,1.67838691632e-05,0.000344069317846,0.000293717710356,8.39193458161e-05,0.000125879018724,0.0,4.1959672908e-05,0.0,0.0,0.0,0.0,6.2939509362e-05,0.000660864848302,0.000744784194118,0.000891643049296,0.00144760871533,0.000157348773405,0.000167838691632,0.000146858855178,4.1959672908e-05,0.000125879018724,0.000367147137945,0.000115389100497,4.1959672908e-05,2.0979836454e-05,0.000430086647307,0.000381833023463,0.000109095149561,0.000163642724341,0.0,5.45475747804e-05,0.0,0.0,0.0,0.0,8.18213621707e-05,0.000859124302792,0.000968219452353,0.00115913596408,0.00188189132993,0.000204553405427,0.000218190299122,0.000190916511732,5.45475747804e-05,0.000163642724341,0.000477291279329,0.000150005830646,5.45475747804e-05,2.72737873902e-05,0.0005591126415
716,0.000217797905714,0.0,0.0,0.0,0.0,0.0,0.0,0.0,0.0,0.000435595811428,0.00275877347237,0.00290397207618,0.00540864799189,0.0031217699819,0.0015971846419,0.00457375601999,0.00508195113332,0.00598944240713,0.00206908010428,0.000145198603809,0.000108898952857,0.0,0.0,0.0,0.000566274554856,0.0,0.0,0.0,0.0,0.0,0.0,0.0,0.0,0.00113254910971,0.00717281102817,0.00755032739808,0.0140624847789,0.00811660195293,0.00415268006894,0.011891765652,0.0132130729466,0.0155725502585,0.00537960827113,0.000377516369904,0.000283137277428,0.0,0.0,0.0,0.000807527619646,0.0,0.0,0.0,0.0,0.0,0.0,0.0,0.0,0.00161505523929,0.0102286831822,0.0107670349286,0.0200536025546,0.0115745625483,0.00592186921074,0.0169580800126,0.0188423111251,0.0222070095403,0.00767151238664,0.000538351746431,0.000403763809823,0.0,0.0,0.0,0.000686901087251,0.0,0.0,0.0,0.0,0.0,0.0,0.0,0.0,0.0013738021745,0.00870074710518,0.00915868116335,0.0170580436667,0.0098455822506,0.00503727463984,0.0144249228323,0.0160276920359,0.0188897798994,0.00652556032889,0.000457934058167,0.000343450543626,0.0,0.0,0.0,0.000857788674811,0.0,0.0,0.0,0.0,0.0,0.0,0.0,0.0,0.00171557734962,0.0108653232143,0.0114371823308,0.0213017520911,0.0122949710056,0.00629045028195,0.018013562171,0.0200150690789,0.0235891885573,0.00814899241071,0.000571859116541,0.000428894337406,0.0,0.0,0.0,4.02088441318e-05,0.0,0.0,0.0,0.0,0.0,0.0,0.0,0.0,8.04176882636e-05,0.000509312025669,0.000536117921757,0.000998519629272,0.000576326765889,0.000294864856966,0.000844385726767,0.000938206363075,0.00110574321362,0.000381984019252,2.68058960879e-05,2.01044220659e-05,0.0,0.0,0.0,0.0,0.0,0.0,0.0,0.0,0.0,0.0,0.0,0.0,0.0,0.0,0.0,0.0,0.0,0.0,0.0,0.0,0.0,0.0,0.0,0.0,0.0,0.0,0.0
670,0.000531053459119,0.0,0.000885089098532,0.0,0.000973598008386,0.0,0.00115061582809,0.000885089098532,0.00203570492662,0.00734623951782,0.010267033543,0.00911641771488,0.012656774109,0.010267033543,0.00823132861635,0.00637264150943,0.0107095780922,0.00796580188679,0.00610711477987,0.00477948113208,0.000885089098532,0.00177017819706,0.000619562368973,0.0026552672956,0.000498034591195,0.0,0.000830057651992,0.0,0.000913063417191,0.0,0.00107907494759,0.000830057651992,0.00190913259958,0.00688947851153,0.0096286687631,0.00854959381551,0.0118698244235,0.0096286687631,0.00771953616352,0.00597641509434,0.0100436975891,0.00747051886792,0.00572739779874,0.00448231132075,0.000830057651992,0.00166011530398,0.000581040356394,0.00249017295597,0.000789701257862,0.0,0.0013161687631,0.0,0.00144778563941,0.0,0.00171101939203,0.0013161687631,0.00302718815514,0.0109242007338,0.015267557652,0.01355653826,0.0188212133124,0.015267557652,0.0122403694969,0.00947641509434,0.0159256420335,0.0118455188679,0.00908156446541,0.00710731132075,0.0013161687631,0.00263233752621,0.000921318134172,0.00394850628931,0.000404481132075,0.0,0.000674135220126,0.0,0.000741548742138,0.0,0.000876375786164,0.000674135220126,0.00155051100629,0.00559532232704,0.00781996855346,0.0069435927673,0.0096401336478,0.00781996855346,0.00626945754717,0.00485377358491,0.00815703616352,0.00606721698113,0.00465153301887,0.00364033018868,0.000674135220126,0.00134827044025,0.000471894654088,0.00202240566038,0.000839229559748,0.0,0.00139871593291,0.0,0.00153858752621,0.0,0.00181833071279,0.00139871593291,0.0032170466457,0.0116093422432,0.0162251048218,0.014406774109,0.0200016378407,0.0162251048218,0.0130080581761,0.010070754717,0.0169244627883,0.0125884433962,0.00965113993711,0.00755306603774,0.00139871593291,0.00279743186583,0.00097910115304,0.00419614779874,5.50314465409e-05,0.0,9.17190775681e-05,0.0,0.000100890985325,0.0,0.000119234800839,9.17190775681e-05,0.000210953878407,0.000761268343816,0.00106394129979,0.000944706498952,0.00131158280922,0.00106394129979,0.000852987421384,0.000660377358491,0.00110980083857,0.000825471698113,0.00063286163522,0.000495283018868,9.17190775681e-05,0.000183438155136,6.42033542977e-05,0.000275157232704,0.000184355345912,0.0,0.000307258909853,0.0,0.000337984800839,0.0,0.000399436582809,0.000307258909853,0.000706695492662,0.00255024895178,0.0035642033543,0.00316476677149,0.0043938024109,0.0035642033543,0.00285750786164,0.00221226415094,0.00371783280922,0.00276533018868,0.00212008647799,0.00165919811321,0.000307258909853,0.000614517819707,0.000215081236897,0.00092177672956
712,0.0,0.0,0.0,0.0,0.0,0.0,0.0,0.0,9.58596833344e-05,0.00115031620001,0.00206098319169,0.000143789525002,0.00143789525002,4.79298416672e-05,0.000287579050003,0.000814807308342,0.000383438733338,0.000191719366669,0.000287579050003,0.0,9.58596833344e-05,0.000143789525002,0.000718947625008,9.58596833344e-05,0.0,0.0,0.0,0.0,0.0,0.0,0.0,0.0,0.000657323542864,0.00788788251437,0.0141324561716,0.000985985314297,0.00985985314297,0.000328661771432,0.00197197062859,0.00558725011435,0.00262929417146,0.00131464708573,0.00197197062859,0.0,0.000657323542864,0.000985985314297,0.00492992657148,0.000657323542864,0.0,0.0,0.0,0.0,0.0,0.0,0.0,0.0,0.000191719366669,0.00230063240003,0.00412196638338,0.000287579050003,0.00287579050003,9.58596833344e-05,0.000575158100006,0.00162961461668,0.000766877466675,0.000383438733338,0.000575158100006,0.0,0.000191719366669,0.000287579050003,0.00143789525002,0.000191719366669,0.0,0.0,0.0,0.0,0.0,0.0,0.0,0.0,9.58596833344e-05,0.00115031620001,0.00206098319169,0.000143789525002,0.00143789525002,4.79298416672e-05,0.000287579050003,0.000814807308342,0.000383438733338,0.000191719366669,0.000287579050003,0.0,9.58596833344e-05,0.000143789525002,0.000718947625008,9.58596833344e-05,0.0,0.0,0.0,0.0,0.0,0.0,0.0,0.0,9.58596833344e-05,0.00115031620001,0.00206098319169,0.000143789525002,0.00143789525002,4.79298416672e-05,0.000287579050003,0.000814807308342,0.000383438733338,0.000191719366669,0.000287579050003,0.0,9.58596833344e-05,0.000143789525002,0.000718947625008,9.58596833344e-05,0.0,0.0,0.0,0.0,0.0,0.0,0.0,0.0,0.0,0.0,0.0,0.0,0.0,0.0,0.0,0.0,0.0,0.0,0.0,0.0,0.0,0.0,0.0,0.0,0.0,0.0,0.0,0.0,0.0,0.0,0.0,0.0,0.0,0.0,0.0,0.0,0.0,0.0,0.0,0.0,0.0,0.0,0.0,0.0,0.0,0.0,0.0,0.0
11743,0.0,0.0,0.0,0.0,0.0,0.0,0.0,0.0,0.0,0.0,0.0,0.0,0.0,0.0,0.0,0.0,0.0,0.0,0.0,0.0,0.0,0.0,0.0,0.0,0.0,0.0,0.0,0.0,0.0,0.0,0.0,0.0,0.0,0.0,0.0,0.0,0.0,0.0,0.0,0.0,0.0,0.0,0.0,0.0,0.0,0.0,0.0,0.0,0.0,0.0,0.0,0.0,0.0,0.0,0.0,0.0,0.0,0.0,0.0,0.0,0.0,0.0,0.0,0.0,0.0,0.0,0.0,0.0,0.0,0.0,0.0,0.0,0.0,0.0,0.0,0.0,0.0,0.0,0.0,0.0,0.0,0.0,0.0,0.0,0.00188679245283,0.0,0.0,0.0,0.00101596516691,0.000870827285922,0.0,0.0,0.0,0.0,0.0,0.0,0.0,0.0,0.0,0.0,0.0,0.0,0.0,0.0,0.0,0.0,0.0,0.0,0.00188679245283,0.0,0.0,0.0,0.00101596516691,0.000870827285922,0.0,0.0,0.0,0.0,0.0,0.0,0.0,0.0,0.0,0.0,0.0,0.0,0.0,0.0,0.0,0.0,0.0,0.0,0.0,0.0,0.0,0.0,0.0,0.0,0.0,0.0,0.0,0.0,0.0,0.0,0.0,0.0,0.0,0.0,0.0,0.0,0.0,0.0,0.0,0.0,0.0,0.0,0.0,0.0,0.0,0.0,0.0,0.0,0.0,0.0,0.0,0.0,0.0,0.0
5894,0.0,0.0,0.0,0.0,0.0,0.0,0.0,0.0,0.0,0.0,0.0,0.0,0.0,0.0,0.0,0.0,0.0,0.0,0.0,0.0,0.0,0.0,0.0,0.0,0.0,0.0,0.0,0.0,0.0,0.0,0.0,0.0,0.0,0.0,0.0,0.0,0.0,0.0,0.0,0.0,0.0,0.0,0.0,0.0,0.0,0.0,0.0,0.0,0.00628706919135,0.0,0.0,0.0,0.00104784486522,0.0,0.0,0.00104784486522,0.0,0.0,0.0,0.0,0.0,0.00104784486522,0.00209568973045,0.0,0.00104784486522,0.00104784486522,0.0,0.0,0.00104784486522,0.0130980608153,0.0,0.0,0.000644827609369,0.0,0.0,0.0,0.000107471268228,0.0,0.0,0.000107471268228,0.0,0.0,0.0,0.0,0.0,0.000107471268228,0.000214942536456,0.0,0.000107471268228,0.000107471268228,0.0,0.0,0.000107471268228,0.00134339085285,0.0,0.0,0.00128965521874,0.0,0.0,0.0,0.000214942536456,0.0,0.0,0.000214942536456,0.0,0.0,0.0,0.0,0.0,0.000214942536456,0.000429885072913,0.0,0.000214942536456,0.000214942536456,0.0,0.0,0.000214942536456,0.0026867817057,0.0,0.0,0.0,0.0,0.0,0.0,0.0,0.0,0.0,0.0,0.0,0.0,0.0,0.0,0.0,0.0,0.0,0.0,0.0,0.0,0.0,0.0,0.0,0.0,0.0,0.0,0.000322413804684,0.0,0.0,0.0,5.37356341141e-05,0.0,0.0,5.37356341141e-05,0.0,0.0,0.0,0.0,0.0,5.37356341141e-05,0.000107471268228,0.0,5.37356341141e-05,5.37356341141e-05,0.0,0.0,5.37356341141e-05,0.000671695426426,0.0,0.0
3739,0.0,0.0,0.0,0.0,0.0,0.0,0.0,0.0,0.0,0.0,0.0,0.0,0.0,0.0,0.0,0.0,0.0,0.0,0.0,0.0,0.0,0.0,0.0,0.0,0.0,0.0,0.0,0.0,0.0,0.0,0.0,0.0,0.0,0.00117377130174,0.00352131390522,0.00293442825435,0.000733607063588,0.0,0.00146721412718,0.0,0.0,0.0,0.00058688565087,0.0,0.0,0.0,0.0,0.0,0.0,0.0,0.0,0.0,0.0,0.0,0.0,0.0,0.0,0.00163489574171,0.00490468722513,0.00408723935428,0.00102180983857,0.0,0.00204361967714,0.0,0.0,0.0,0.000817447870855,0.0,0.0,0.0,0.0,0.0,0.0,0.0,0.0,0.0,0.0,0.0,0.0,0.0,0.0,0.0,0.0,0.0,0.0,0.0,0.0,0.0,0.0,0.0,0.0,0.0,0.0,0.0,0.0,0.0,0.0,0.0,0.0,0.0,0.0,0.0,0.0,0.0,0.0,0.0,0.0,0.0,0.0,0.0,0.0,0.0,0.0,0.0,0.0,0.0,0.0,0.0,0.0,0.0,0.0,0.0,0.0,0.0,0.0,0.0,0.0,0.0,0.0,0.000167681614534,0.000503044843603,0.000419204036336,0.000104801009084,0.0,0.000209602018168,0.0,0.0,0.0,8.38408072672e-05,0.0,0.0,0.0,0.0,0.0,0.0,0.0,0.0,0.0,0.0,0.0,0.0,0.0,0.0,0.0,0.0,0.0,0.0,0.0,0.0,0.0,0.0,0.0,0.0,0.0,0.0,0.0,0.0,0.0
11127,0.0,0.0,0.0,0.0,0.0,0.0,0.0,0.0,0.0,0.0,0.0,0.0,0.0,0.0,0.0,0.0,0.0,0.0,0.0,0.0,0.0,0.0,0.0,0.0,0.0,0.0,0.0,0.0,0.0,0.0,0.0,0.0,0.0,0.0,0.0,0.0,0.0,0.0,0.0,0.0,0.0,0.0,0.0,0.0,0.0,0.0,0.0,0.0,0.0,0.0,0.0,0.0,0.0,0.0,0.0,0.0,0.0,0.0,0.0,0.0,0.0,0.0,0.0,0.0,0.0,0.0,0.0,0.0,0.0,0.0,0.0,0.0,0.0,0.0,0.0,0.0,0.0,0.0,0.0,0.0,0.0,0.0,0.0,0.0,0.0,0.0,0.0,0.0,0.0,0.0,0.0,0.0,0.0,0.0,0.0,0.0,0.0,0.0,0.0,0.0,0.0,0.0,0.0,0.0,0.0,0.0,0.0,0.0,0.0,0.0,0.0,0.0,0.0,0.0,0.0,0.0,0.0,0.0,0.0,0.0,0.0,0.0,0.0,0.0,0.0,0.0,0.0,0.0,0.00278379214352,0.00593875657284,0.00259820600062,0.0,0.0,0.0,0.0,0.0,0.0,0.0,0.0,0.0,0.0,0.0,0.0,0.0,0.0,0.0,0.0,0.0,0.0,0.0,0.0,0.0,0.0,0.0,0.0,0.0,0.0,0.0,0.0,0.0,0.0,0.0,0.0,0.0,0.0,0.0,0.0,0.0
2,0.00100498084156,0.00131420571589,0.000309224874327,0.0017007368088,0.00208726790171,0.000231918655746,0.0,0.00146881815306,0.00104363395085,0.00189400235526,0.00614584437726,0.00858099026258,0.00448376067775,0.00649372236088,0.00351743294547,0.00278302386895,0.00266706454107,0.00332416739902,0.00316955496186,0.00235783966675,0.00189400235526,0.00158477748093,0.000695755967237,0.00189400235526,0.0027636973143,0.0036140657187,0.0008503684044,0.0046770262242,0.0057399867297,0.0006377763033,0.0,0.0040392499209,0.00286999336485,0.00520850647695,0.0169010720375,0.0235977232221,0.0123303418638,0.0178577364924,0.00967294060005,0.0076533156396,0.00733442748795,0.0091414603473,0.0087162761451,0.00648405908355,0.00520850647695,0.00435813807255,0.0019133289099,0.00520850647695,0.0020649215729,0.00270028205687,0.00063536048397,0.00349448266183,0.00428868326679,0.000476520362977,0.0,0.00301796229886,0.0021443416334,0.00389158296431,0.0126277896189,0.0176312534302,0.00921272701756,0.0133425701634,0.00722722550515,0.00571824435573,0.00547998417424,0.00683012520267,0.00651244496069,0.00484462369027,0.00389158296431,0.00325622248034,0.00142956108893,0.00389158296431,0.00179012212404,0.00234092893143,0.000550806807396,0.00302943744068,0.00371794594992,0.000413105105547,0.0,0.00261633233513,0.00185897297496,0.0033736916953,0.010947285297,0.0152848889052,0.00798669870724,0.0115669429553,0.00626542743413,0.00495726126656,0.00475070871379,0.0059211731795,0.00564576977581,0.00419990190639,0.0033736916953,0.0028228848879,0.00123931531664,0.0033736916953,0.00241038373719,0.00315204027171,0.00074165653452,0.00407911093986,0.00500618160801,0.00055624240089,0.0,0.00352286853897,0.002503090804,0.00454264627393,0.0147404236236,0.0205809688329,0.0107540197505,0.0155747872249,0.00843634308016,0.00667490881068,0.00639678761023,0.00797280774609,0.00760197947883,0.00565513107571,0.00454264627393,0.00380098973941,0.00166872720267,0.00454264627393,0.000863655410719,0.00112939553709,0.000265740126375,0.00146157069506,0.00179374585303,0.000199305094781,0.0,0.00126226560028,0.000896872926516,0.00162765827405,0.00528158501171,0.00737428850691,0.00385323183244,0.00558054265388,0.00302279393752,0.00239166113738,0.00229200858999,0.00285670635853,0.00272383629534,0.00202626846361,0.00162765827405,0.00136191814767,0.000597915284344,0.00162765827405,0.00142110572127,0.00185836902013,0.000437263298854,0.00240494814369,0.00295152726726,0.00032794747414,0.0,0.00207700066955,0.00147576363363,0.00267823770548,0.00869060806471,0.0121340565432,0.00634031783338,0.00918252927592,0.00497387002446,0.00393536968968,0.00377139595261,0.00470058046268,0.00448194881325,0.00333413265376,0.00267823770548,0.00224097440662,0.000983842422421,0.00267823770548
8559,0.0,0.0,0.0,0.0,0.0,0.0,0.0,0.0,0.0,0.0,0.0,0.0,0.0,0.0,0.0,0.0,0.0,0.0,0.0,0.0,0.0,0.0,0.0,0.0,0.0,0.0,0.0,0.0,0.0,0.0,0.0,0.0,0.0,0.00377358490566,0.0,0.0,0.0,0.0,0.0,0.0,0.0,0.0,0.0,0.0,0.0,0.0,0.0,0.0,0.0,0.0,0.0,0.0,0.0,0.0,0.0,0.0,0.0,0.0,0.0,0.0,0.0,0.0,0.0,0.0,0.0,0.0,0.0,0.0,0.0,0.0,0.0,0.0,0.0,0.0,0.0,0.0,0.0,0.0,0.0,0.0,0.0,0.0,0.0,0.0,0.0,0.0,0.0,0.0,0.0,0.0,0.0,0.0,0.0,0.0,0.0,0.0,0.0,0.0,0.0,0.0,0.0,0.0,0.0,0.0,0.0,0.0,0.0,0.0,0.0,0.0,0.0,0.0,0.0,0.0,0.0,0.0,0.0,0.0,0.0,0.0,0.0,0.0,0.0,0.0,0.0,0.0,0.0,0.0,0.0,0.0,0.0,0.0,0.0,0.0,0.0,0.0,0.0,0.0,0.0,0.0,0.0,0.0,0.0,0.0,0.0,0.0,0.0,0.0,0.0,0.0,0.0,0.0,0.0,0.0,0.0,0.0,0.0,0.0,0.0,0.0,0.0,0.0,0.0,0.0,0.0,0.0,0.0,0.0
13434,0.0,0.0,0.0,0.0,0.0,0.0,0.0,0.0,0.0,0.0,0.0,0.0,0.0,0.0,0.0,0.0,0.0,0.0,0.0,0.0,0.0,0.0,0.0,0.0,0.0,0.0,0.0,0.0,0.0,0.0,0.0,0.0,0.0,0.0,0.0,0.0,0.0,0.0,0.0,0.0,0.0,0.0,0.0,0.0,0.0,0.0,0.0,0.0,0.0,0.0,0.0,0.0,0.0,0.0,0.0,0.000143584681309,0.000376909788437,0.0,0.0,0.0,0.0,0.0,0.0,0.0,0.0,0.0,0.0,0.0,0.0,0.0,0.0,0.0,0.0,0.0,0.0,0.0,0.0,0.0,0.0,0.00193839319768,0.0050882821439,0.0,0.0,0.0,0.0,0.0,0.0,0.0,0.0,0.0,0.0,0.0,0.0,0.0,0.0,0.0,0.0,0.0,0.0,0.0,0.0,0.0,0.0,0.0,0.0,0.0,0.0,0.0,0.0,0.0,0.0,0.0,0.0,0.0,0.0,0.0,0.0,0.0,0.0,0.0,0.0,0.0,0.0,0.0,0.0,0.0,0.0,0.0,0.0,0.0,0.0,0.0,0.0,0.0,0.0,0.0,0.0,0.0,0.0,0.0,0.0,0.0,0.0,0.0,0.0,0.0,0.0,0.0,0.0,0.0,0.0,0.0,0.0,0.0,0.0,0.0,0.0,0.0,0.0,0.0,0.0,0.0,0.0,0.0,0.0,0.0,0.0,0.0
12419,0.0,0.0,0.0,0.0,0.0,0.0,0.0,0.0,0.0,0.0,0.0,0.0,0.0,0.0,0.0,0.0,0.0,0.0,0.000352549454854,0.00317294509369,0.000352549454854,0.00176274727427,0.000352549454854,0.0,0.0,0.0,0.0,0.0,0.0,0.0,0.0,0.0,0.0,0.0,0.0,0.0,0.0,0.0,0.0,0.0,0.0,0.0,0.000235032969903,0.00211529672912,0.000235032969903,0.00117516484951,0.000235032969903,0.0,0.0,0.0,0.0,0.0,0.0,0.0,0.0,0.0,0.0,0.0,0.0,0.0,0.0,0.0,0.0,0.0,0.0,0.0,0.000470065939805,0.00423059345825,0.000470065939805,0.00235032969903,0.000470065939805,0.0,0.0,0.0,0.0,0.0,0.0,0.0,0.0,0.0,0.0,0.0,0.0,0.0,0.0,0.0,0.0,0.0,0.0,0.0,0.0,0.0,0.0,0.0,0.0,0.0,0.0,0.0,0.0,0.0,0.0,0.0,0.0,0.0,0.0,0.0,0.0,0.0,0.0,0.0,0.0,0.0,0.0,0.0,0.000940131879611,0.0084611869165,0.000940131879611,0.00470065939805,0.000940131879611,0.0,0.0,0.0,0.0,0.0,0.0,0.0,0.0,0.0,0.0,0.0,0.0,0.0,0.0,0.0,0.0,0.0,0.0,0.0,0.0,0.0,0.0,0.0,0.0,0.0,0.0,0.0,0.0,0.0,0.0,0.0,0.0,0.0,0.0,0.0,0.0,0.0,0.0,0.0,0.0,0.0,0.0,0.0,0.0,0.0,0.0,0.0,0.0,0.0
12774,0.0,0.0,0.0,0.0,0.0,0.0,0.0,0.0,0.0,0.0,0.0,0.0,0.0,0.0,0.0,0.0,0.0,0.0,0.0,0.0,0.0,0.0,0.0,0.0,0.0,0.0,0.0,0.0,0.0,0.0,0.0,0.0,5.95437460459e-05,0.0,2.9771873023e-05,0.0,0.0,0.0,0.0,2.9771873023e-05,0.000461464031856,0.0,0.0,0.0,0.0,0.0,0.0,0.0,0.0,0.0,0.0,0.0,0.0,0.0,0.0,0.0,0.000982471809758,0.0,0.000491235904879,0.0,0.0,0.0,0.0,0.000491235904879,0.00761415652562,0.0,0.0,0.0,0.0,0.0,0.0,0.0,0.0,0.0,0.0,0.0,0.0,0.0,0.0,0.0,0.000119087492092,0.0,5.95437460459e-05,0.0,0.0,0.0,0.0,5.95437460459e-05,0.000922928063712,0.0,0.0,0.0,0.0,0.0,0.0,0.0,0.0,0.0,0.0,0.0,0.0,0.0,0.0,0.0,0.0,0.0,0.0,0.0,0.0,0.0,0.0,0.0,0.0,0.0,0.0,0.0,0.0,0.0,0.0,0.0,0.0,0.0,0.0,0.0,0.0,0.0,0.0,0.0,0.0,0.0,0.0,0.0,0.0,0.0,0.0,0.0,0.0,0.0,0.0,0.0,0.0,0.0,0.0,0.0,0.0,0.0,0.0,0.0,0.0,0.0,0.0,0.0,0.0,0.0,0.0,0.0,0.0,0.0,0.0,0.0,0.0,0.0,0.0,0.0,0.0,0.0,0.0,0.0
13626,0.0,0.0,0.0,0.0,0.0,0.0,0.0,0.0,0.0,0.0,0.0,0.0,0.0,0.0,0.0,0.0,0.0,0.0,0.0,0.0,0.0,0.0,0.0,0.0,0.0,0.0,0.0,0.0,0.0,0.0,0.0,0.0,0.0,0.0,0.0,0.0,0.0,0.0,0.0,0.0,0.0,0.0,0.0,0.0,0.0,0.0,0.0,0.0,0.0,0.0,0.0,0.0,0.0,0.0,0.0,0.0,0.0,0.0,0.0,0.0,0.0,0.0,0.0,0.0,0.0,0.0,0.0,0.0,0.0,0.0,0.0,0.0,0.0,0.0,0.0,0.0,0.0,0.0,0.0,0.0,0.0,0.0,0.0,0.0,0.0,0.0,0.0,0.0,2.20677479863e-05,0.000728235683548,0.00260399426239,0.00041928721174,0.0,0.0,0.0,0.0,0.0,0.0,0.0,0.0,0.0,0.0,0.0,0.0,0.0,0.0,0.0,0.0,0.0,0.0,0.0,0.0,0.0,0.0,0.0,0.0,0.0,0.0,0.0,0.0,0.0,0.0,0.0,0.0,0.0,0.0,0.0,0.0,0.0,0.0,0.0,0.0,0.0,0.0,0.0,0.0,0.0,0.0,0.0,0.0,0.0,0.0,0.0,0.0,0.0,0.0,0.0,0.0,0.0,0.0,0.0,0.0,0.0,0.0,0.0,0.0,0.0,0.0,0.0,0.0,0.0,0.0,0.0,0.0,0.0,0.0,0.0,0.0
1281,0.000110429553709,5.52147768547e-05,0.0,0.0,0.0,0.0,0.0,0.0,0.0,0.0,0.000165644330564,0.000496932991692,0.00176687285935,0.0,0.000110429553709,0.0,0.000938651206529,0.000276073884273,0.0,0.000386503437983,5.52147768547e-05,0.0,0.0,0.000110429553709,0.000736197024729,0.000368098512364,0.0,0.0,0.0,0.0,0.0,0.0,0.0,0.0,0.00110429553709,0.00331288661128,0.0117791523957,0.0,0.000736197024729,0.0,0.00625767471019,0.00184049256182,0.0,0.00257668958655,0.000368098512364,0.0,0.0,0.000736197024729,0.000404908363601,0.0002024541818,0.0,0.0,0.0,0.0,0.0,0.0,0.0,0.0,0.000607362545401,0.0018220876362,0.00647853381761,0.0,0.000404908363601,0.0,0.00344172109061,0.001012270909,0.0,0.0014171792726,0.0002024541818,0.0,0.0,0.000404908363601,5.52147768547e-05,2.76073884273e-05,0.0,0.0,0.0,0.0,0.0,0.0,0.0,0.0,8.2822165282e-05,0.000248466495846,0.000883436429674,0.0,5.52147768547e-05,0.0,0.000469325603265,0.000138036942137,0.0,0.000193251718991,2.76073884273e-05,0.0,0.0,5.52147768547e-05,0.0,0.0,0.0,0.0,0.0,0.0,0.0,0.0,0.0,0.0,0.0,0.0,0.0,0.0,0.0,0.0,0.0,0.0,0.0,0.0,0.0,0.0,0.0,0.0,0.0,0.0,0.0,0.0,0.0,0.0,0.0,0.0,0.0,0.0,0.0,0.0,0.0,0.0,0.0,0.0,0.0,0.0,0.0,0.0,0.0,0.0,0.0,0.0,0.000184049256182,9.20246280911e-05,0.0,0.0,0.0,0.0,0.0,0.0,0.0,0.0,0.000276073884273,0.00082822165282,0.00294478809891,0.0,0.000184049256182,0.0,0.00156441867755,0.000460123140455,0.0,0.000644172396638,9.20246280911e-05,0.0,0.0,0.000184049256182
5262,0.0,0.0,0.0,0.0,0.0,0.0,0.0,0.0,0.0,0.0,0.0,0.000334704123596,0.0,0.0,0.0,0.0,1.63270304193e-05,0.0,0.0,0.0,0.0,0.0,0.0,0.0,0.0,0.0,0.0,0.0,0.0,0.0,0.0,0.0,0.0,0.0,0.0,0.0,0.0,0.0,0.0,0.0,0.0,0.0,0.0,0.0,0.0,0.0,0.0,0.0,0.0,0.0,0.0,0.0,0.0,0.0,0.0,0.0,0.0,0.0,0.0,0.0,0.0,0.0,0.0,0.0,0.0,0.0,0.0,0.0,0.0,0.0,0.0,0.0,0.0,0.0,0.0,0.0,0.0,0.0,0.0,0.0,0.0,0.0,0.0,0.0,0.0,0.0,0.0,0.0,0.0,0.0,0.0,0.0,0.0,0.0,0.0,0.0,0.0,0.0,0.0,0.0,0.0,0.0,0.0,0.0,0.0,0.0,0.0,0.00686143453371,0.0,0.0,0.0,0.0,0.000334704123596,0.0,0.0,0.0,0.0,0.0,0.0,0.0,0.0,0.0,0.0,0.0,0.0,0.0,0.0,0.0,0.0,0.0,0.0,0.0,0.0,0.0,0.0,0.0,0.0,0.0,0.0,0.0,0.0,0.0,0.0,0.0,0.0,0.0,0.0,0.0,0.0,0.0,0.0,0.0,0.0,0.0,0.0,0.0,0.0,0.0,0.0,0.0,0.0,0.0,0.0,0.0,0.0,0.0,0.0,0.0
11164,0.0,0.0,0.0,0.0,0.0,0.0,0.0,0.0,0.0,0.0,0.0,0.0,0.0,0.0,0.0,0.0,0.0,0.0,0.0,0.0,0.0,0.0,0.0,0.0,0.0,0.0,0.0,0.0,0.0,0.0,0.0,0.000446218048506,0.00568928011845,0.0,0.0,0.0,0.0,0.0,0.0,0.0,0.0,0.0,0.0,0.0,0.0,0.000669327072759,0.0,0.0,0.0,0.0,0.0,0.0,0.0,0.0,0.0,0.0,0.0,0.0,0.0,0.0,0.0,0.0,0.0,0.0,0.0,0.0,0.0,0.0,0.0,0.0,0.0,0.0,0.0,0.0,0.0,0.0,0.0,0.0,0.0,4.86783325643e-05,0.000620648740195,0.0,0.0,0.0,0.0,0.0,0.0,0.0,0.0,0.0,0.0,0.0,0.0,7.30174988464e-05,0.0,0.0,0.0,0.0,0.0,0.0,0.0,0.0,0.0,0.0,0.0,0.0,0.0,0.0,0.0,0.0,0.0,0.0,0.0,0.0,0.0,0.0,0.0,0.0,0.0,0.0,0.0,0.0,0.0,0.0,0.0,0.0,0.0,0.0,0.0,0.0,0.0,0.0,0.0,0.0,0.0,0.0,0.0,0.0,0.0,0.0,0.0,0.0,0.0,0.0,0.0,0.0,0.0,0.0,0.0,0.0,0.0,0.0,0.0,0.0,0.0,0.0,0.0,0.0,0.0,0.0,0.0,0.0,0.0,0.0,0.0,0.0,0.0,0.0
13985,0.0,0.0,0.0,0.0,0.0,0.0,0.0,0.0,0.0,0.0,0.0,0.0,0.0,0.0,0.0114257709945,0.000692470969364,0.00121182419639,0.0,0.0,0.0,0.0,0.0,0.0,0.0,0.0,0.0,0.0,0.0,0.0,0.0,0.0,0.0,0.0,0.0,0.0,0.0,0.0,0.0,0.00100815626422,6.11003796498e-05,0.000106925664387,0.0,0.0,0.0,0.0,0.0,0.0,0.0,0.0,0.0,0.0,0.0,0.0,0.0,0.0,0.0,0.0,0.0,0.0,0.0,0.0,0.0,0.0,0.0,0.0,0.0,0.0,0.0,0.0,0.0,0.0,0.0,0.0,0.0,0.0,0.0,0.0,0.0,0.0,0.0,0.0,0.0,0.0,0.0,0.0,0.0,0.0,0.0,0.0,0.0,0.0,0.0,0.0,0.0,0.0,0.0,0.0,0.0,0.0,0.0,0.0,0.0,0.0,0.0,0.0,0.0,0.0,0.0,0.0,0.0,0.0,0.0,0.0,0.0,0.0,0.0,0.0,0.0,0.0,0.0,0.0,0.0,0.0,0.0,0.0,0.0,0.0,0.0,0.0,0.0,0.0,0.0,0.0,0.0,0.00050407813211,3.05501898249e-05,5.34628321935e-05,0.0,0.0,0.0,0.0,0.0,0.0,0.0,0.0,0.0,0.0,0.0,0.0,0.0,0.0,0.0,0.0,0.0,0.0,0.0,0.0,0.0,0.0,0.0,0.0,0.0,0.0,0.0,0.0,0.0,0.0,0.0
2671,0.0,0.0,0.0,0.0,0.0,0.0,0.0,0.0,0.0,0.0,0.0,0.000409969718146,0.00163987887258,0.00307477288609,0.0,0.000409969718146,0.000819939436292,0.00122990915444,0.00163987887258,0.0,0.0,0.0,0.0,0.0,0.0,0.0,0.0,0.0,0.0,0.0,0.0,0.0,0.0,0.0,0.0,0.000368972746331,0.00147589098532,0.00276729559748,0.0,0.000368972746331,0.000737945492662,0.00110691823899,0.00147589098532,0.0,0.0,0.0,0.0,0.0,0.0,0.0,0.0,0.0,0.0,0.0,0.0,0.0,0.0,0.0,0.0,0.000245981830887,0.00098392732355,0.00184486373166,0.0,0.000245981830887,0.000491963661775,0.000737945492662,0.00098392732355,0.0,0.0,0.0,0.0,0.0,0.0,0.0,0.0,0.0,0.0,0.0,0.0,0.0,0.0,0.0,0.0,8.19939436292e-05,0.000327975774517,0.000614954577219,0.0,8.19939436292e-05,0.000163987887258,0.000245981830887,0.000327975774517,0.0,0.0,0.0,0.0,0.0,0.0,0.0,0.0,0.0,0.0,0.0,0.0,0.0,0.0,0.0,0.0,0.000737945492662,0.00295178197065,0.00553459119497,0.0,0.000737945492662,0.00147589098532,0.00221383647799,0.00295178197065,0.0,0.0,0.0,0.0,0.0,0.0,0.0,0.0,0.0,0.0,0.0,0.0,0.0,0.0,0.0,0.0,0.0,0.0,0.0,0.0,0.0,0.0,0.0,0.0,0.0,0.0,0.0,0.0,0.0,0.0,0.0,0.0,0.0,0.0,0.0,0.0,0.0,0.0,0.0,0.0,0.0,0.0,0.0,0.0,0.0,0.0,0.0,0.0,0.0,0.0,0.0,0.0,0.0
8839,0.0,0.0,0.0,0.0,0.0,0.0,0.0,0.0,0.0,0.0,0.0,0.0,0.0,0.0,0.0,0.0,0.0,0.0,0.0,0.0,0.0,0.0,0.0,0.0,0.0,0.0,0.0,0.0,0.0,1.42668616471e-05,0.0,0.0,0.0,0.0,0.0,0.0,0.0,0.0,0.000114134893177,0.00019973606306,0.0,0.0,0.0,0.0,0.0,0.0,0.0,0.0,0.0,0.0,0.0,0.0,0.0,0.0,0.0,0.0,0.0,0.0,0.0,0.0,0.0,0.0,0.0,0.0,0.0,0.0,0.0,0.0,0.0,0.0,0.0,0.0,0.0,0.0,0.0,0.0,0.0,0.000313870956236,0.0,0.0,0.0,0.0,0.0,0.0,0.0,0.0,0.00251096764989,0.00439419338731,0.0,0.0,0.0,0.0,0.0,0.0,0.0,0.0,0.0,0.0,0.0,0.0,0.0,0.0,0.0,0.0,0.0,0.0,0.0,0.0,0.0,0.0,0.0,0.0,0.0,0.0,0.0,0.0,0.0,0.0,0.0,0.0,0.0,0.0,0.0,0.0,0.0,0.0,0.0,0.0,0.0,0.0,0.0,0.0,0.0,0.0,0.0,0.0,0.0,0.0,0.0,0.0,0.0,0.0,0.0,0.0,0.0,0.0,0.0,0.0,0.0,0.0,0.0,0.0,0.0,0.0,0.0,0.0,0.0,0.0,0.0,0.0,0.0,0.0,0.0,0.0,0.0,0.0,0.0,0.0
11124,0.0,0.0,0.0,0.0,0.0,0.0,0.0,0.0,0.0,0.0,0.0,0.0,0.0,0.0,0.0,0.0,0.0,0.0,0.0,0.0,0.0,0.0,0.0,0.0,0.0,0.0,0.0,0.0,0.0,0.0,0.0,0.0,0.0,0.0,0.0,0.0,0.0,0.0,0.0,0.0,0.0,0.0,0.0,0.0,0.0,0.0,0.0,0.0,0.0,0.0,0.0,0.0,0.0,0.0,0.0,0.0,0.0,0.0,0.0,0.0,0.0,0.0,0.0,0.0,0.0,0.0,0.0,0.0,0.0,0.0,0.0,0.0,0.0,0.0,0.0,0.0,0.0,0.0,0.0,0.0,0.0,0.0,0.0,0.0,0.0,0.0,0.0,0.0,0.0,0.0,0.0,0.0,0.0,0.0,0.0,0.0,0.0,0.0,0.0,0.0,0.0,0.0,0.0,0.0,0.0,0.0,0.0,0.0,0.0,0.0,0.0,0.0,0.0,0.0,0.00492206726825,0.0,0.0,0.00295324036095,0.0137817883511,0.000984413453651,0.0,0.0,0.0,0.0,0.0,0.0,0.0,0.0,0.0,0.0,0.0,0.0,0.0,0.0,0.0,0.0,0.0,0.0,0.0,0.0,0.0,0.0,0.0,0.0,0.0,0.0,0.0,0.0,0.0,0.0,0.0,0.0,0.0,0.0,0.0,0.0,0.0,0.0,0.0,0.0,0.0,0.0,0.0,0.0,0.0,0.0,0.0,0.0
1478,0.0,0.0,0.0,0.0,0.0,0.0,0.0,0.0,0.0,0.00153933625337,0.00175924143242,0.0058274872449,0.00549762947632,0.00340853027532,0.000769668126685,0.000659715537158,0.00296871991721,0.00175924143242,0.0,0.000439810358106,0.0,0.0,0.0,0.0,0.0,0.0,0.0,0.0,0.0,0.0,0.0,0.0,0.0,0.00244482816712,0.00279408933385,0.00925542091837,0.00873152916827,0.00541354808433,0.00122241408356,0.00104778350019,0.00471502575087,0.00279408933385,0.0,0.000698522333462,0.0,0.0,0.0,0.0,0.0,0.0,0.0,0.0,0.0,0.0,0.0,0.0,0.0,0.00230900438005,0.00263886214863,0.00874123086735,0.00824644421448,0.00511279541298,0.00115450219003,0.000989573305737,0.00445307987582,0.00263886214863,0.0,0.000659715537158,0.0,0.0,0.0,0.0,0.0,0.0,0.0,0.0,0.0,0.0,0.0,0.0,0.0,0.00199208221024,0.00227666538313,0.00754145408163,0.00711457932229,0.00441103917982,0.000996041105121,0.000853749518675,0.00384187283404,0.00227666538313,0.0,0.000569166345784,0.0,0.0,0.0,0.0,0.0,0.0,0.0,0.0,0.0,0.0,0.0,0.0,0.0,0.00158461084906,0.00181098382749,0.00599888392857,0.00565932446092,0.00350878116577,0.000792305424528,0.00067911893531,0.00305603520889,0.00181098382749,0.0,0.000452745956873,0.0,0.0,0.0,0.0,0.0,0.0,0.0,0.0,0.0,0.0,0.0,0.0,0.0,0.000271647574124,0.000310454370427,0.00102838010204,0.000970169907586,0.000601505342703,0.000135823787062,0.00011642038891,0.000523891750096,0.000310454370427,0.0,7.76135926069e-05,0.0,0.0,0.0,0.0,0.0,0.0,0.0,0.0,0.0,0.0,0.0,0.0,0.0,0.0,0.0,0.0,0.0,0.0,0.0,0.0,0.0,0.0,0.0,0.0,0.0,0.0,0.0,0.0
6376,0.0,0.0,0.0,0.0,0.0,0.0,0.0,0.0,0.0,0.0,0.000397539715942,0.00054661710942,9.93849289854e-05,9.93849289854e-05,0.0,0.000198769857971,0.00159015886377,0.0,0.0,0.0,0.0,9.93849289854e-05,0.0,0.0,0.0,0.0,0.0,0.0,0.0,0.0,0.0,0.0,0.0,0.0,0.00170374163975,0.00234264475466,0.000425935409937,0.000425935409937,0.0,0.000851870819875,0.006814966559,0.0,0.0,0.0,0.0,0.000425935409937,0.0,0.0,0.0,0.0,0.0,0.0,0.0,0.0,0.0,0.0,0.0,0.0,0.0,0.0,0.0,0.0,0.0,0.0,0.0,0.0,0.0,0.0,0.0,0.0,0.0,0.0,0.0,0.0,0.0,0.0,0.0,0.0,0.0,0.0,0.0,0.0,0.00124941053582,0.00171793948675,0.000312352633954,0.000312352633954,0.0,0.000624705267908,0.00499764214327,0.0,0.0,0.0,0.0,0.000312352633954,0.0,0.0,0.0,0.0,0.0,0.0,0.0,0.0,0.0,0.0,0.0,0.0,0.000113582775983,0.000156176316977,2.83956939958e-05,2.83956939958e-05,0.0,5.67913879917e-05,0.000454331103933,0.0,0.0,0.0,0.0,2.83956939958e-05,0.0,0.0,0.0,0.0,0.0,0.0,0.0,0.0,0.0,0.0,0.0,0.0,0.0,0.0,0.0,0.0,0.0,0.0,0.0,0.0,0.0,0.0,0.0,0.0,0.0,0.0,0.0,0.0,0.0,0.0,0.0,0.0,0.0,0.0,0.0,0.0,0.0,0.0,0.0,0.0,0.0,0.0,0.0,0.0,0.0,0.0,0.0,0.0,0.0,0.0
11776,0.00104459097735,0.00143631259385,0.00104459097735,0.000261147744336,0.0,0.0,0.0,0.0,0.0,0.0,0.0,0.0,0.0,0.0,0.0,0.0,0.000261147744336,0.0,0.000261147744336,0.0,0.0,0.000261147744336,0.0,0.00208918195469,0.0,0.0,0.0,0.0,0.0,0.0,0.0,0.0,0.0,0.0,0.0,0.0,0.0,0.0,0.0,0.0,0.0,0.0,0.0,0.0,0.0,0.0,0.0,0.0,0.0,0.0,0.0,0.0,0.0,0.0,0.0,0.0,0.0,0.0,0.0,0.0,0.0,0.0,0.0,0.0,0.0,0.0,0.0,0.0,0.0,0.0,0.0,0.0,0.00104459097735,0.00143631259385,0.00104459097735,0.000261147744336,0.0,0.0,0.0,0.0,0.0,0.0,0.0,0.0,0.0,0.0,0.0,0.0,0.000261147744336,0.0,0.000261147744336,0.0,0.0,0.000261147744336,0.0,0.00208918195469,0.00359803558863,0.00494729893437,0.00359803558863,0.000899508897159,0.0,0.0,0.0,0.0,0.0,0.0,0.0,0.0,0.0,0.0,0.0,0.0,0.000899508897159,0.0,0.000899508897159,0.0,0.0,0.000899508897159,0.0,0.00719607117727,0.0,0.0,0.0,0.0,0.0,0.0,0.0,0.0,0.0,0.0,0.0,0.0,0.0,0.0,0.0,0.0,0.0,0.0,0.0,0.0,0.0,0.0,0.0,0.0,0.000232131328299,0.000319180576411,0.000232131328299,5.80328320747e-05,0.0,0.0,0.0,0.0,0.0,0.0,0.0,0.0,0.0,0.0,0.0,0.0,5.80328320747e-05,0.0,5.80328320747e-05,0.0,0.0,5.80328320747e-05,0.0,0.000464262656598
